,open,high,low,close,adjclose,volume,ticker,adjclose_1,true_adjclose_1,profitBuy,profitSell
2010-09-22,4.173999786376953,4.190000057220459,3.9600000381469727,3.9739999771118164,3.9739999771118164,4814500,TSLA,5.300096,3.9119999408721924,0.0,-1.3260960578918457
2010-10-01,4.138000011444092,4.150000095367432,4.061999797821045,4.119999885559082,4.119999885559082,2988500,TSLA,5.2885804,4.197999954223633,1.1685805320739746,0.0
2010-10-05,4.230000019073486,4.25600004196167,4.202000141143799,4.223999977111816,4.223999977111816,1660000,TSLA,5.3730025,4.0920000076293945,0.0,-1.1490025520324707
2010-10-21,4.122000217437744,4.190000057220459,4.090000152587891,4.150000095367432,4.150000095367432,2085500,TSLA,5.2670445,4.144000053405762,0.0,-1.117044448852539
2010-10-22,4.136000156402588,4.185999870300293,4.110000133514404,4.144000053405762,4.144000053405762,805500,TSLA,5.320632,4.170000076293945,1.1766319274902344,0.0
2010-10-25,4.188000202178955,4.196000099182129,4.145999908447266,4.170000076293945,4.170000076293945,592500,TSLA,5.3619666,4.271999835968018,1.1919665336608887,0.0
2010-11-09,5.0,5.138000011444092,4.809999942779541,4.926000118255615,4.926000118255615,4782000,TSLA,6.27373,5.872000217437744,1.3477296829223633,0.0
2010-11-10,4.895999908447266,5.99399995803833,4.809999942779541,5.872000217437744,5.872000217437744,15302500,TSLA,6.5670786,5.607999801635742,0.0,-0.6950783729553223
2010-11-11,5.71999979019165,5.820000171661377,5.466000080108643,5.607999801635742,5.607999801635742,9726500,TSLA,6.874582,5.9679999351501465,1.2665820121765137,0.0
2010-11-17,6.039999961853027,6.150000095367432,5.7220001220703125,5.8979997634887695,5.8979997634887695,3750000,TSLA,7.2386727,5.978000164031982,1.3406729698181152,0.0
2010-11-18,6.133999824523926,6.1479997634887695,5.783999919891357,5.978000164031982,5.978000164031982,4780500,TSLA,7.130508,6.197999954223633,1.1525077819824219,0.0
2010-11-30,6.748000144958496,7.065999984741211,6.682000160217285,7.065999984741211,7.065999984741211,11113000,TSLA,7.941751,6.869999885559081,0.0,-0.8757510185241699
2010-12-02,6.802000045776367,6.860000133514404,6.239999771118164,6.46999979019165,6.46999979019165,10035000,TSLA,7.601454,6.297999858856201,0.0,-1.1314539909362793
2010-12-10,6.409999847412109,6.584000110626221,6.22599983215332,6.303999900817871,6.303999900817871,2147000,TSLA,7.55699,6.110000133514403,0.0,-1.2529902458190918
2010-12-22,6.449999809265137,6.572000026702881,6.340000152587891,6.526000022888184,6.526000022888184,4166500,TSLA,7.6711445,6.01800012588501,0.0,-1.1451444625854492
2011-01-24,4.705999851226807,4.961999893188477,4.645999908447266,4.8979997634887695,4.8979997634887695,8225500,TSLA,5.781222,4.935999870300293,0.8832221031188965,0.0
2011-01-28,4.97599983215332,4.97599983215332,4.75,4.802000045776367,4.802000045776367,5242000,TSLA,6.097978,4.820000171661377,1.29597806930542,0.0
2011-02-03,4.763999938964844,4.78000020980835,4.630000114440918,4.72599983215332,4.72599983215332,2560000,TSLA,5.8135777,4.691999912261963,0.0,-1.0875778198242188
2011-02-25,4.561999797821045,4.769999980926514,4.538000106811523,4.7220001220703125,4.7220001220703125,6731500,TSLA,5.732372,4.7779998779296875,1.0103716850280762,0.0
2011-02-28,4.748000144958496,4.820000171661377,4.699999809265137,4.7779998779296875,4.7779998779296875,5256000,TSLA,5.9476233,4.788000106811523,1.1696233749389648,0.0
2011-03-04,4.895999908447266,4.998000144958496,4.75600004196167,4.989999771118164,4.989999771118164,7900500,TSLA,6.0102983,4.98799991607666,0.0,-1.0202984809875488
2011-03-10,4.888000011444092,4.8979997634887695,4.745999813079834,4.802000045776367,4.802000045776367,5085000,TSLA,5.9641643,4.814000129699707,1.1621642112731934,0.0
2011-03-11,4.769999980926514,4.849999904632568,4.705999851226807,4.814000129699707,4.814000129699707,4654000,TSLA,5.893696,4.650000095367432,0.0,-1.079695701599121
2011-03-28,4.539999961853027,4.708000183105469,4.510000228881836,4.650000095367432,4.650000095367432,5290500,TSLA,5.71814,4.783999919891357,1.0681400299072266,0.0
2011-04-04,5.366000175476074,5.400000095367432,5.046000003814697,5.165999889373779,5.165999889373779,13046500,TSLA,6.674088,5.340000152587891,1.5080881118774414,0.0
2011-04-12,5.015999794006348,5.041999816894531,4.860000133514404,4.929999828338623,4.929999828338623,6787000,TSLA,5.9952674,4.986000061035156,1.065267562866211,0.0
2011-05-13,5.599999904632568,5.638000011444092,5.460000038146973,5.510000228881836,5.510000228881836,3307500,TSLA,6.608408,5.320000171661377,0.0,-1.0984077453613281
2011-05-20,5.6519999504089355,5.656000137329102,5.46999979019165,5.593999862670898,5.593999862670898,4212500,TSLA,6.6704698,5.363999843597412,0.0,-1.076469898223877
2011-05-31,5.938000202178955,6.056000232696533,5.909999847412109,6.0279998779296875,6.0279998779296875,16452500,TSLA,7.269765,5.703999996185304,0.0,-1.241765022277832
2011-06-21,5.248000144958496,5.546000003814697,5.199999809265137,5.50600004196167,5.50600004196167,7480000,TSLA,6.322863,5.441999912261963,0.0,-0.8168630599975586
2011-06-29,5.699999809265137,5.817999839782715,5.613999843597412,5.6579999923706055,5.6579999923706055,7309000,TSLA,6.854871,5.826000213623047,1.1968708038330078,0.0
2011-07-15,5.558000087738037,5.565999984741211,5.480000019073486,5.515999794006348,5.515999794006348,3545000,TSLA,6.5883465,5.446000099182129,0.0,-1.0723466873168945
2011-07-22,5.739999771118164,5.9079999923706055,5.710000038146973,5.857999801635742,5.857999801635742,2917500,TSLA,6.9868803,5.697999954223634,0.0,-1.128880500793457
2011-07-28,5.519999980926514,5.710000038146973,5.507999897003174,5.633999824523926,5.633999824523926,4693500,TSLA,6.6111193,5.633999824523926,0.0,0.0
2011-08-01,5.734000205993652,5.796000003814697,5.642000198364258,5.754000186920166,5.754000186920166,5824500,TSLA,6.7458196,5.467999935150146,0.0,-0.9918193817138672
2011-08-15,5.323999881744385,5.349999904632568,5.185999870300293,5.245999813079834,5.245999813079834,3693000,TSLA,6.5394907,5.21999979019165,0.0,-1.2934908866882324
2011-08-19,4.771999835968018,4.843999862670898,4.400000095367432,4.460000038146973,4.460000038146973,6876500,TSLA,5.584069,4.389999866485596,0.0,-1.1240687370300293
2011-08-25,4.77400016784668,4.77400016784668,4.579999923706055,4.622000217437744,4.622000217437744,3399000,TSLA,5.8387837,4.745999813079834,1.2167835235595703,0.0
2011-08-26,4.541999816894531,4.789999961853027,4.414000034332275,4.745999813079834,4.745999813079834,3809000,TSLA,5.85317,4.941999912261963,1.1071701049804688,0.0
2011-08-31,4.960000038146973,5.099999904632568,4.855999946594238,4.947999954223633,4.947999954223633,4119000,TSLA,6.172895,4.800000190734863,0.0,-1.2248950004577637
2011-09-14,4.849999904632568,4.9679999351501465,4.757999897003174,4.868000030517578,4.868000030517578,4154000,TSLA,5.949309,4.964000225067139,1.0813088417053223,0.0
2011-10-03,4.989999771118164,5.0,4.650000095367432,4.745999813079834,4.745999813079834,5116000,TSLA,5.8259587,4.73199987411499,0.0,-1.0799589157104492
2011-10-04,4.6579999923706055,4.863999843597412,4.585999965667725,4.73199987411499,4.73199987411499,6001500,TSLA,5.765346,5.073999881744385,1.033346176147461,0.0
2011-10-12,5.449999809265137,5.599999904632568,5.440000057220459,5.559999942779541,5.559999942779541,5617000,TSLA,6.7613764,5.5879998207092285,1.2013764381408691,0.0
2011-10-24,5.573999881744385,5.7779998779296875,5.550000190734863,5.710000038146973,5.710000038146973,4703000,TSLA,6.69198,5.650000095367432,0.0,-0.9819798469543457
2011-11-02,5.800000190734863,5.8520002365112305,5.650000095367432,5.742000102996826,5.742000102996826,4376500,TSLA,6.8405666,6.492000102996826,1.0985665321350098,0.0
2011-11-04,6.291999816894531,6.480000019073486,6.1020002365112305,6.461999893188477,6.461999893188477,15164500,TSLA,7.5047226,6.254000186920166,0.0,-1.0427227020263672
2011-11-18,6.728000164031982,6.822000026702881,6.507999897003174,6.519999980926514,6.519999980926514,4514000,TSLA,7.768953,6.352000236511231,0.0,-1.248952865600586
2011-11-22,6.3520002365112305,6.558000087738037,6.210000038146973,6.414000034332275,6.414000034332275,3663000,TSLA,7.2577343,6.2899999618530265,0.0,-0.8437342643737793
2011-11-25,6.309999942779541,6.48199987411499,6.216000080108643,6.331999778747559,6.331999778747559,1198000,TSLA,7.2639093,6.512000083923339,0.9319095611572266,0.0
2011-12-07,6.926000118255615,6.978000164031982,6.760000228881836,6.8379998207092285,6.8379998207092285,3371500,TSLA,8.068034,6.177999973297119,0.0,-1.230034351348877
2011-12-22,5.519999980926514,5.610000133514404,5.460000038146973,5.553999900817871,5.553999900817871,5047000,TSLA,6.5526814,5.579999923706055,0.9986815452575684,0.0
2012-01-10,5.48799991607666,5.552000045776367,5.449999809265137,5.52400016784668,5.52400016784668,3359000,TSLA,6.5234756,5.645999908447266,0.9994754791259766,0.0
2012-01-26,5.613999843597412,5.915999889373779,5.599999904632568,5.788000106811523,5.788000106811523,6355500,TSLA,6.773964,5.866000175476074,0.9859638214111328,0.0
2012-01-31,5.980000019073486,6.0,5.77400016784668,5.814000129699707,5.814000129699707,4782000,TSLA,6.9850554,5.915999889373779,1.1710553169250488,0.0
2012-02-22,6.900000095367432,6.943999767303467,6.5,6.843999862670898,6.843999862670898,8273000,TSLA,8.014678,6.906000137329101,1.1706781387329102,0.0
2012-02-24,6.8460001945495605,6.9039998054504395,6.6539998054504395,6.75,6.75,4799500,TSLA,7.841545,6.723999977111816,0.0,-1.0915451049804688
2012-02-27,6.682000160217285,6.800000190734863,6.599999904632568,6.723999977111816,6.723999977111816,3030000,TSLA,7.724577,6.76200008392334,1.0005769729614258,0.0
2012-03-01,6.702000141143799,6.900000095367432,6.6620001792907715,6.881999969482422,6.881999969482422,3517500,TSLA,7.7477674,6.808000087738037,0.0,-0.8657674789428711
2012-03-07,6.624000072479248,6.6620001792907715,6.581999778747559,6.624000072479248,6.624000072479248,1824500,TSLA,7.578784,6.613999843597412,0.0,-0.9547839164733887
2012-03-13,7.302000045776367,7.317999839782715,7.099999904632568,7.2179999351501465,7.2179999351501465,5008000,TSLA,8.380325,7.058000087738037,0.0,-1.162325382232666
2012-03-20,6.995999813079834,7.039999961853027,6.914000034332275,6.992000102996826,6.992000102996826,2835000,TSLA,7.996395,7.03000020980835,1.0043950080871582,0.0
2012-03-21,6.98799991607666,7.059999942779541,6.920000076293945,7.03000020980835,7.03000020980835,3036000,TSLA,8.001843,6.880000114440918,0.0,-0.9718432426452637
2012-03-22,6.99399995803833,7.03000020980835,6.860000133514404,6.880000114440918,6.880000114440918,2612000,TSLA,7.961689,6.815999984741211,0.0,-1.0816888809204102
2012-03-26,7.118000030517578,7.618000030517578,7.007999897003174,7.480000019073486,7.480000019073486,15702500,TSLA,8.143657,7.5879998207092285,0.6636567115783691,0.0
2012-03-29,7.638000011444092,7.638000011444092,7.406000137329102,7.466000080108643,7.466000080108643,3982000,TSLA,8.818282,7.447999954223633,0.0,-1.3522820472717285
2012-04-03,7.340000152587891,7.693999767303467,7.334000110626221,7.6020002365112305,7.6020002365112305,5490500,TSLA,8.47049,7.0,0.0,-0.8684902191162109
2012-04-04,7.053999900817871,7.0980000495910645,6.938000202178955,7.0,7.0,22409000,TSLA,8.111348,6.8959999084472665,0.0,-1.1113481521606445
2012-04-09,6.820000171661377,6.857999801635742,6.619999885559082,6.630000114440918,6.630000114440918,8278500,TSLA,7.6005263,6.492000102996826,0.0,-0.9705262184143066
2012-04-11,6.6479997634887695,6.6579999923706055,6.4019999504089355,6.618000030517578,6.618000030517578,5527500,TSLA,7.4854136,6.688000202178955,0.8674135208129883,0.0
2012-04-12,6.754000186920166,6.895999908447266,6.584000110626221,6.688000202178955,6.688000202178955,5169500,TSLA,7.67667,6.7179999351501465,0.9886698722839355,0.0
2012-05-03,6.7820000648498535,6.800000190734863,6.426000118255615,6.492000102996826,6.492000102996826,4206500,TSLA,7.7120357,6.366000175476074,0.0,-1.2200355529785156
2012-05-24,6.25,6.25,5.938000202178955,6.056000232696533,6.056000232696533,5378000,TSLA,7.3411255,5.961999893188477,0.0,-1.2851252555847168
2012-05-29,6.001999855041504,6.386000156402588,6.001999855041504,6.3379998207092285,6.3379998207092285,8250000,TSLA,7.2291675,6.081999778747559,0.0,-0.8911676406860352
2012-05-30,6.216000080108643,6.283999919891357,6.047999858856201,6.081999778747559,6.081999778747559,6536000,TSLA,7.230322,5.900000095367431,0.0,-1.1483221054077148
2012-05-31,6.013999938964844,6.058000087738037,5.75,5.900000095367432,5.900000095367432,5593500,TSLA,7.0414777,5.630000114440918,0.0,-1.1414775848388672
2012-06-04,5.605999946594238,5.682000160217285,5.421999931335449,5.576000213623047,5.576000213623047,5154500,TSLA,6.5075684,5.581999778747559,0.9315681457519531,0.0
2012-06-05,5.567999839782715,5.677999973297119,5.51200008392334,5.581999778747559,5.581999778747559,3154500,TSLA,6.4832697,5.843999862670898,0.9012699127197266,0.0
2012-06-19,6.4039998054504395,6.5320000648498535,6.300000190734863,6.418000221252441,6.418000221252441,4555500,TSLA,7.5151453,6.75600004196167,1.0971450805664062,0.0
2012-06-21,6.8520002365112305,6.855999946594238,6.368000030517578,6.438000202178955,6.438000202178955,9459500,TSLA,7.903813,6.757999897003174,1.4658126831054688,0.0
2012-06-22,6.519999980926514,6.796000003814697,6.492000102996826,6.757999897003174,6.757999897003174,15233000,TSLA,7.852391,6.622000217437744,0.0,-1.094390869140625
2012-06-28,6.380000114440918,6.421999931335449,6.124000072479248,6.2820000648498535,6.2820000648498535,4570500,TSLA,7.340368,6.257999897003173,0.0,-1.0583677291870117
2012-07-05,6.1620001792907715,6.334000110626221,6.159999847412109,6.245999813079834,6.245999813079834,6269000,TSLA,7.151261,6.197999954223633,0.0,-0.9052610397338867
2012-07-06,6.197999954223633,6.3460001945495605,6.159999847412109,6.197999954223633,6.197999954223633,3922500,TSLA,7.21359,6.297999858856201,1.0155901908874512,0.0
2012-07-19,6.544000148773193,6.630000114440918,6.4079999923706055,6.453999996185303,6.453999996185303,7179500,TSLA,7.4438567,6.357999801635742,0.0,-0.9898567199707031
2012-07-30,5.9019999504089355,6.050000190734863,5.441999912261963,5.46999979019165,5.46999979019165,10326000,TSLA,6.7233763,5.484000205993652,1.2533764839172363,0.0
2012-08-06,5.510000228881836,5.739999771118164,5.510000228881836,5.6539998054504395,5.6539998054504395,7641000,TSLA,6.648557,6.050000190734863,0.9945573806762695,0.0
2012-09-04,5.703999996185303,5.797999858856201,5.579999923706055,5.627999782562256,5.627999782562256,3762500,TSLA,6.795232,5.5879998207092285,0.0,-1.1672320365905762
2012-09-05,5.6020002365112305,5.699999809265137,5.561999797821045,5.5879998207092285,5.5879998207092285,3196500,TSLA,6.7172065,5.7100000381469735,1.129206657409668,0.0
2012-09-14,6.0,6.130000114440918,5.929999828338623,6.078000068664551,6.078000068664551,7683000,TSLA,7.1477814,6.507999897003174,1.0697813034057617,0.0
2012-09-18,6.375999927520752,6.380000114440918,6.136000156402588,6.26800012588501,6.26800012588501,8942500,TSLA,7.642629,6.210000038146973,0.0,-1.374629020690918
2012-09-19,6.199999809265137,6.3480000495910645,6.188000202178955,6.210000038146973,6.210000038146973,5242500,TSLA,7.5151143,6.179999828338623,0.0,-1.3051142692565918
2012-09-20,6.185999870300293,6.300000190734863,6.136000156402588,6.179999828338623,6.179999828338623,4562000,TSLA,7.3827386,6.004000186920166,0.0,-1.2027387619018555
2012-09-21,6.21999979019165,6.297999858856201,5.9079999923706055,6.004000186920166,6.004000186920166,9350000,TSLA,7.212724,6.131999969482422,1.208724021911621,0.0
2012-09-24,5.9019999504089355,6.205999851226807,5.880000114440918,6.131999969482422,6.131999969482422,6509500,TSLA,7.0618434,5.532000064849854,0.0,-0.9298434257507324
2012-10-03,5.949999809265137,5.989999771118164,5.8480000495910645,5.860000133514404,5.860000133514404,5264000,TSLA,7.149034,5.880000114440918,1.2890338897705078,0.0
2012-10-04,6.0,6.019999980926514,5.730000019073486,5.880000114440918,5.880000114440918,7706500,TSLA,7.049818,5.7779998779296875,0.0,-1.1698179244995117
2012-10-16,5.533999919891357,5.618000030517578,5.4679999351501465,5.611999988555908,5.611999988555908,2396500,TSLA,6.519125,5.763999938964844,0.9071249961853027,0.0
2012-10-18,5.797999858856201,5.797999858856201,5.556000232696533,5.607999801635742,5.607999801635742,3705000,TSLA,6.806304,5.547999858856201,0.0,-1.1983041763305664
2012-10-24,5.703999996185303,5.703999996185303,5.449999809265137,5.484000205993652,5.484000205993652,5082000,TSLA,6.66482,5.504000186920166,1.1808199882507324,0.0
2012-11-13,6.257999897003174,6.400000095367432,6.144000053405762,6.322000026702881,6.322000026702881,4991500,TSLA,7.3243833,6.276000022888184,0.0,-1.0023832321166992
2012-11-15,6.260000228881836,6.288000106811523,6.099999904632568,6.164000034332275,6.164000034332275,4920000,TSLA,7.309378,6.368000030517578,1.1453781127929688,0.0
2012-11-20,6.559999942779541,6.619999885559082,6.381999969482422,6.599999904632568,6.599999904632568,4612500,TSLA,7.6194077,6.493999958038331,0.0,-1.0194077491760254
2012-11-27,6.426000118255615,6.5320000648498535,6.303999900817871,6.429999828338623,6.429999828338623,4554000,TSLA,7.4355526,6.645999908447266,1.0055527687072754,0.0
2012-11-29,6.688000202178955,6.800000190734863,6.573999881744385,6.73799991607666,6.73799991607666,5517000,TSLA,7.725515,6.763999938964844,0.9875149726867676,0.0
2012-12-26,6.791999816894531,6.900000095367432,6.699999809265137,6.7179999351501465,6.7179999351501465,3007000,TSLA,7.7758756,6.73799991607666,1.057875633239746,0.0
2012-12-31,6.599999904632568,6.794000148773193,6.599999904632568,6.77400016784668,6.77400016784668,2974500,TSLA,7.6695414,7.072000026702881,0.8955411911010742,0.0
2013-01-02,7.0,7.090000152587891,6.941999912261963,7.072000026702881,7.072000026702881,5974000,TSLA,7.950725,6.953999996185303,0.0,-0.8787250518798828
2013-01-07,6.960000038146973,6.960000038146973,6.78000020980835,6.868000030517578,6.868000030517578,2210000,TSLA,7.953653,6.736000061035157,0.0,-1.0856528282165527
2013-01-11,6.808000087738037,6.808000087738037,6.421999931335449,6.581999778747559,6.581999778747559,7816000,TSLA,7.67083,6.6519999504089355,1.0888299942016602,0.0
2013-02-04,7.679999828338623,7.684000015258789,7.51800012588501,7.547999858856201,7.547999858856201,5640000,TSLA,8.58117,7.625999927520752,1.033170223236084,0.0
2013-02-06,7.636000156402588,7.877999782562256,7.579999923706055,7.834000110626221,7.834000110626221,9466000,TSLA,8.672422,7.8959999084472665,0.8384222984313965,0.0
2013-02-19,7.4720001220703125,7.857999801635742,7.461999893188477,7.855999946594238,7.855999946594238,13507000,TSLA,8.645994,7.708000183105469,0.0,-0.7899942398071289
2013-03-04,6.953999996185303,7.165999889373779,6.940000057220459,7.116000175476074,7.116000175476074,8788500,TSLA,8.065137,7.329999923706055,0.9491367340087891,0.0
2013-03-07,7.546000003814697,7.730000019073486,7.375999927520752,7.645999908447266,7.645999908447266,5791500,TSLA,8.656082,7.693999767303467,1.0100822448730469,0.0
2013-03-12,7.78000020980835,7.875999927520752,7.769999980926514,7.823999881744385,7.823999881744385,6375500,TSLA,8.853848,7.796000003814697,0.0,-1.029848575592041
2013-03-22,7.239999771118164,7.360000133514404,7.239999771118164,7.323999881744385,7.323999881744385,2201000,TSLA,8.406367,7.506000041961669,1.0823674201965332,0.0
2013-03-25,7.420000076293945,7.703999996185303,7.354000091552734,7.50600004196167,7.50600004196167,11894000,TSLA,8.58952,7.572000026702881,1.0835204124450684,0.0
2013-04-05,8.399999618530273,8.399999618530273,8.100000381469727,8.27400016784668,8.27400016784668,7762000,TSLA,9.595381,8.366000175476074,1.321380615234375,0.0
2013-04-09,8.359999656677246,8.366000175476074,8.065999984741211,8.100000381469727,8.100000381469727,8480500,TSLA,9.355768,8.371999740600586,1.255767822265625,0.0
2013-04-10,8.140000343322754,8.402000427246094,8.121999740600586,8.371999740600586,8.371999740600586,10605500,TSLA,9.169033,8.718000411987303,0.7970333099365234,0.0
2013-04-11,8.411999702453613,8.90999984741211,8.350000381469727,8.718000411987305,8.718000411987305,17237000,TSLA,9.319779,8.75,0.6017789840698242,0.0
2013-04-16,8.838000297546387,9.227999687194824,8.781999588012695,9.118000030517578,9.118000030517578,15902000,TSLA,9.8566475,9.090000152587889,0.0,-0.7386474609375
2013-04-19,9.491999626159668,9.97599983215332,9.413999557495117,9.565999984741211,9.565999984741211,15058500,TSLA,10.583581,10.038000106811523,1.0175809860229492,0.0
2013-04-26,10.62600040435791,10.748000144958496,10.12399959564209,10.239999771118164,10.239999771118164,18110500,TSLA,11.432143,10.987999916076662,1.192143440246582,0.0
2013-04-29,10.35200023651123,10.998000144958496,10.239999771118164,10.98799991607666,10.98799991607666,18198500,TSLA,11.618457,10.79800033569336,0.0,-0.6304569244384766
2013-05-13,16.197999954223633,17.600000381469727,15.829999923706055,17.559999465942383,17.559999465942383,112084500,TSLA,18.01142,16.648000717163086,0.0,-0.4514198303222656
2013-05-14,18.8439998626709,19.423999786376953,16.229999542236328,16.648000717163086,16.648000717163086,185819500,TSLA,19.678082,16.968000411987305,3.030080795288086,0.0
2013-05-15,16.360000610351562,17.375999450683594,15.621999740600586,16.968000411987305,16.968000411987305,84393500,TSLA,18.9281,18.450000762939453,1.9601001739501953,0.0
2013-05-16,18.940000534057617,19.0,17.73200035095215,18.450000762939453,18.450000762939453,108070000,TSLA,19.878714,18.299999237060547,0.0,-1.4287128448486328
2013-05-29,22.709999084472656,22.979999542236328,19.799999237060547,20.926000595092773,20.926000595092773,125497500,TSLA,21.799831,20.989999771118164,0.8738307952880859,0.0
2013-06-06,19.049999237060547,19.854000091552734,19.02199935913086,19.469999313354492,19.469999313354492,47554500,TSLA,19.461134,20.408000946044922,-0.0088653564453125,0.0
2013-06-07,19.600000381469727,20.579999923706055,19.34000015258789,20.408000946044922,20.408000946044922,53558000,TSLA,20.359268,20.010000228881836,0.0,0.048732757568359375
2013-06-12,19.360000610351562,20.09600067138672,19.149999618530273,19.54599952697754,19.54599952697754,45963500,TSLA,19.606905,19.63599967956543,0.06090545654296875,0.0
2013-06-19,20.41200065612793,21.333999633789062,20.402000427246094,20.93600082397461,20.93600082397461,42894500,TSLA,21.136448,20.1299991607666,0.0,-0.20044708251953125
2013-06-24,19.299999237060547,20.573999404907227,19.059999465942383,20.29800033569336,20.29800033569336,35599000,TSLA,20.162367,20.479999542236328,-0.1356334686279297,0.0
2013-06-27,21.350000381469727,22.049999237060547,21.22599983215332,21.850000381469727,21.850000381469727,43724500,TSLA,22.324133,21.472000122070312,0.0,-0.4741325378417969
2013-07-02,23.649999618530273,24.378000259399414,23.100000381469727,23.56399917602539,23.56399917602539,60320500,TSLA,24.178928,23.04800033569336,0.0,-0.61492919921875
2013-07-26,25.628000259399414,26.13599967956543,25.32200050354004,25.878000259399414,25.878000259399414,48165500,TSLA,25.449566,26.923999786376953,-0.4284343719482422,0.0
2013-07-30,26.959999084472656,27.49799919128418,25.63599967956543,26.347999572753906,26.347999572753906,65635000,TSLA,26.794123,26.856000900268555,0.4461231231689453,0.0
2013-07-31,26.513999938964844,26.993999481201172,26.290000915527344,26.856000900268555,26.856000900268555,31758500,TSLA,26.954235,27.110000610351562,0.09823417663574219,0.0
2013-08-01,27.0,27.304000854492188,26.525999069213867,27.110000610351562,27.110000610351562,26618000,TSLA,27.298922,27.600000381469723,0.1889209747314453,0.0
2013-08-06,28.950000762939453,29.145999908447266,28.219999313354492,28.43000030517578,28.43000030517578,46272500,TSLA,29.11634,26.84600067138672,0.0,-0.68634033203125
2013-08-21,30.0,30.062000274658203,29.25,29.57200050354004,29.57200050354004,31331500,TSLA,30.083712,31.420000076293945,0.5117111206054688,0.0
2013-08-28,33.8120002746582,34.29999923706055,32.650001525878906,33.290000915527344,33.290000915527344,73700500,TSLA,33.929794,33.21200180053711,0.0,-0.6397933959960938
2013-09-06,33.7140007019043,33.939998626708984,33.029998779296875,33.39400100708008,33.39400100708008,43098500,TSLA,33.575764,32.13999938964844,0.0,-0.1817626953125
2013-09-11,33.28200149536133,33.58000183105469,32.42599868774414,32.70399856567383,32.70399856567383,29162500,TSLA,32.285286,32.986000061035156,-0.4187126159667969,0.0
2013-09-20,35.779998779296875,37.16600036621094,35.71200180053711,36.678001403808594,36.678001403808594,67008500,TSLA,36.189823,36.22200012207031,0.0,0.4881782531738281
2013-09-27,37.50400161743164,38.25600051879883,37.2859992980957,38.18000030517578,38.18000030517578,29582000,TSLA,38.232643,38.67399978637695,0.052642822265625,0.0
2013-10-02,37.71799850463867,38.36600112915039,35.08000183105469,36.189998626708984,36.189998626708984,103877000,TSLA,36.97955,34.6619987487793,0.0,-0.78955078125
2013-10-09,34.94599914550781,34.99800109863281,32.29999923706055,33.75600051879883,33.75600051879883,76582500,TSLA,34.700386,34.58599853515625,0.9443855285644531,0.0
2013-10-30,32.92599868774414,33.5359992980957,31.634000778198242,31.8439998626709,31.8439998626709,42009000,TSLA,31.980314,31.988000869750977,0.13631439208984375,0.0
2013-11-05,36.0,36.2859992980957,34.27199935913086,35.36199951171875,35.36199951171875,112335500,TSLA,35.52977,30.23200035095215,0.0,-0.1677703857421875
2013-11-06,30.961999893188477,32.145999908447266,29.270000457763672,30.23200035095215,30.23200035095215,155358500,TSLA,32.268143,27.95400047302246,0.0,-2.036142349243164
2013-12-05,28.030000686645508,28.670000076293945,27.899999618530273,28.09600067138672,28.09600067138672,46442000,TSLA,29.137405,27.472000122070312,0.0,-1.0414047241210938
2013-12-20,28.31599998474121,28.8700008392334,28.31599998474121,28.648000717163086,28.648000717163086,37063000,TSLA,28.220604,28.70999908447266,-0.4273967742919922,0.0
2013-12-24,30.0,30.993999481201172,29.964000701904297,30.281999588012695,30.281999588012695,49707500,TSLA,29.997847,31.100000381469727,-0.2841529846191406,0.0
2013-12-26,31.007999420166016,31.600000381469727,30.857999801635742,31.100000381469727,31.100000381469727,35647500,TSLA,31.454632,30.224000930786136,0.0,-0.3546314239501953
2013-12-31,30.464000701904297,30.639999389648438,29.73200035095215,30.086000442504883,30.086000442504883,21312000,TSLA,30.41747,30.02000045776367,0.0,-0.3314704895019531
2014-01-10,29.691999435424805,29.780000686645508,28.450000762939453,29.143999099731445,29.143999099731445,37230500,TSLA,29.621357,27.868000030517578,0.0,-0.4773578643798828
2014-01-21,34.24800109863281,35.45800018310547,34.1619987487793,35.33599853515625,35.33599853515625,48673500,TSLA,36.531776,35.71200180053711,1.1957778930664062,0.0
2014-01-27,35.03200149536133,35.58399963378906,32.94200134277344,33.92399978637695,33.92399978637695,43582000,TSLA,34.279743,35.67599868774414,0.355743408203125,0.0
2014-01-28,34.29999923706055,35.79600143432617,34.20000076293945,35.67599868774414,35.67599868774414,30467000,TSLA,34.105606,35.04600143432617,0.0,1.5703926086425781
2014-01-29,35.060001373291016,35.81800079345703,34.625999450683594,35.04600143432617,35.04600143432617,29677500,TSLA,34.505608,36.56800079345703,-0.5403938293457031,0.0
2014-02-03,36.577999114990234,36.97600173950195,35.03200149536133,35.422000885009766,35.422000885009766,33824500,TSLA,36.087044,35.74599838256836,0.6650428771972656,0.0
2014-02-07,36.20199966430664,37.32600021362305,35.91999816894531,37.305999755859375,37.305999755859375,44642500,TSLA,36.19625,39.3120002746582,-1.1097488403320312,0.0
2014-02-11,39.79399871826172,40.439998626708984,38.540000915527344,39.32400131225586,39.32400131225586,53549500,TSLA,40.121548,39.06399917602539,0.0,-0.79754638671875
2014-02-20,43.00199890136719,43.04199981689453,41.25400161743164,41.99399948120117,41.99399948120117,90011500,TSLA,41.20379,41.91999816894531,0.0,0.7902107238769531
2014-03-06,50.827999114990234,51.5,49.88999938964844,50.5880012512207,50.5880012512207,36805500,TSLA,50.506763,49.24200057983398,0.0,0.08123779296875
2014-04-04,45.20199966430664,45.65399932861328,42.25,42.44599914550781,42.44599914550781,56728000,TSLA,44.912746,41.50400161743164,0.0,-2.466747283935547
2014-04-16,39.400001525878906,39.99800109863281,38.16400146484375,39.821998596191406,39.821998596191406,36011000,TSLA,38.047493,39.624000549316406,0.0,1.774505615234375
2014-04-22,41.27199935913086,43.86600112915039,41.00199890136719,43.72800064086914,43.72800064086914,49023500,TSLA,42.271713,41.597999572753906,0.0,1.4562873840332031
2014-04-25,40.400001525878906,41.34000015258789,39.529998779296875,39.970001220703125,39.970001220703125,34983500,TSLA,40.780506,39.70199966430664,0.0,-0.8105049133300781
2014-04-29,39.641998291015625,41.43000030517578,39.10599899291992,41.38399887084961,41.38399887084961,28895500,TSLA,39.388927,41.577999114990234,-1.9950714111328125,0.0
2014-05-08,36.400001525878906,38.880001068115234,35.599998474121094,35.71799850463867,35.71799850463867,100283000,TSLA,36.7751,36.45199966430664,1.0571022033691406,0.0
2014-05-15,37.99599838256836,38.53200149536133,37.060001373291016,37.71799850463867,37.71799850463867,30202000,TSLA,38.553135,38.3120002746582,0.8351364135742188,0.0
2014-05-20,39.38800048828125,39.86600112915039,38.61399841308594,39.060001373291016,39.060001373291016,27730500,TSLA,39.217278,39.88999938964844,0.15727615356445312,0.0
2014-05-27,41.70399856567383,42.77399826049805,41.540000915527344,42.3120002746582,42.3120002746582,26705500,TSLA,42.361313,42.04800033569336,0.0,-0.049312591552734375
2014-06-03,40.698001861572266,41.599998474121094,40.518001556396484,40.987998962402344,40.987998962402344,19304000,TSLA,40.668545,40.79800033569336,0.0,0.3194541931152344
2014-06-19,45.7760009765625,47.0620002746582,45.400001525878906,45.55799865722656,45.55799865722656,43965500,TSLA,47.352955,45.917999267578125,1.7949562072753906,0.0
2014-07-01,48.492000579833984,48.6879997253418,47.7400016784668,47.944000244140625,47.944000244140625,21680500,TSLA,48.059437,45.88600158691406,0.0,-0.11543655395507812
2014-07-11,44.12200164794922,44.31999969482422,43.52000045776367,43.625999450683594,43.625999450683594,16511500,TSLA,43.612103,45.34000015258789,-0.013896942138671875,0.0
2014-07-16,44.36399841308594,44.959999084472656,43.36399841308594,43.43199920654297,43.43199920654297,20222500,TSLA,44.193184,43.08000183105469,0.0,-0.7611846923828125
2014-07-17,43.231998443603516,44.11000061035156,42.720001220703125,43.08000183105469,43.08000183105469,23247000,TSLA,43.392376,44.00400161743164,0.3123741149902344,0.0
2014-07-30,44.38399887084961,45.91999816894531,44.20800018310547,45.784000396728516,45.784000396728516,24639000,TSLA,45.2586,44.6599998474121,0.0,0.5254020690917969
2014-08-07,50.02399826049805,51.3380012512207,49.82400131225586,50.47800064086914,50.47800064086914,37394500,TSLA,50.806522,49.625999450683594,0.0,-0.328521728515625
2014-08-11,51.09600067138672,52.74800109863281,51.0,51.86399841308594,51.86399841308594,40506500,TSLA,51.70597,51.99200057983398,-0.15802764892578125,0.0
2014-08-13,52.402000427246094,53.12799835205078,51.922000885009766,52.0620002746582,52.0620002746582,34663000,TSLA,52.445076,52.2760009765625,0.3830757141113281,0.0
2014-08-15,52.29600143432617,52.417999267578125,51.70000076293945,52.402000427246094,52.402000427246094,19339500,TSLA,52.159943,51.987998962402344,0.0,0.24205780029296875
2014-08-25,51.63800048828125,52.736000061035156,51.63800048828125,52.5099983215332,52.5099983215332,21590500,TSLA,51.448013,52.347999572753906,0.0,1.0619850158691406
2014-08-29,53.7400016784668,54.400001525878906,53.50199890136719,53.939998626708984,53.939998626708984,32235500,TSLA,53.52815,56.82400131225586,-0.4118499755859375,0.0
2014-09-04,56.801998138427734,58.284000396728516,56.08000183105469,57.20800018310547,57.20800018310547,41708500,TSLA,57.92227,55.47800064086914,0.0,-0.7142715454101562
2014-09-05,56.5099983215332,56.58000183105469,54.50199890136719,55.47800064086914,55.47800064086914,55849500,TSLA,56.67565,56.42200088500976,1.1976509094238281,0.0
2014-09-08,55.52399826049805,56.97600173950195,55.50400161743164,56.422000885009766,56.422000885009766,27508000,TSLA,56.091007,55.69599914550781,0.0,0.33099365234375
2014-09-15,54.874000549316406,54.880001068115234,49.82600021362305,50.77199935913086,50.77199935913086,82277000,TSLA,52.417027,52.14799880981445,1.6450271606445312,0.0
2014-09-17,52.481998443603516,52.939998626708984,51.900001525878906,52.2760009765625,52.2760009765625,25888500,TSLA,50.479618,52.76399993896484,-1.7963829040527344,0.0
2014-10-10,48.928001403808594,49.178001403808594,47.040000915527344,47.38199996948242,47.38199996948242,64441500,TSLA,48.672527,44.91799926757812,0.0,-1.29052734375
2014-10-14,45.650001525878906,46.49399948120117,44.599998474121094,45.4119987487793,45.4119987487793,35526500,TSLA,43.68763,45.93999862670898,-1.7243690490722656,0.0
2014-10-17,46.67599868774414,46.95399856567383,45.310001373291016,45.49599838256836,45.49599838256836,52747000,TSLA,45.272526,46.09400177001953,-0.22347259521484375,0.0
2014-10-20,45.34400177001953,46.47999954223633,45.10200119018555,46.09400177001953,46.09400177001953,17472000,TSLA,45.911655,47.06800079345703,-0.18234634399414062,0.0
2014-11-03,48.599998474121094,49.512001037597656,48.263999938964844,48.518001556396484,48.518001556396484,21019000,TSLA,48.97206,47.7859992980957,0.0,-0.4540596008300781
2014-11-14,50.0,51.77000045776367,49.70000076293945,51.736000061035156,51.736000061035156,30505500,TSLA,51.096424,50.79600143432617,0.0,0.6395759582519531
2014-11-18,51.172000885009766,51.99800109863281,51.10200119018555,51.540000915527344,51.540000915527344,22365000,TSLA,51.47023,49.54800033569335,0.0,0.06977081298828125
2014-11-25,49.470001220703125,49.944000244140625,49.21799850463867,49.61800003051758,49.61800003051758,15799000,TSLA,48.882076,49.6879997253418,-0.7359237670898438,0.0
2014-11-28,49.06999969482422,49.3380012512207,48.50400161743164,48.90399932861328,48.90399932861328,10598500,TSLA,49.083885,46.327999114990234,0.0,-0.1798858642578125
2014-12-08,44.30799865722656,44.97200012207031,42.46799850463867,42.87200164794922,42.87200164794922,46128000,TSLA,43.517967,43.37799835205078,0.645965576171875,0.0
2014-12-11,42.10599899291992,43.08599853515625,41.645999908447266,41.7760009765625,41.7760009765625,33472000,TSLA,41.60589,41.400001525878906,0.0,0.17011260986328125
2014-12-31,44.61800003051758,45.13600158691406,44.45000076293945,44.481998443603516,44.481998443603516,11487500,TSLA,44.40354,43.86199951171875,0.0,0.07845687866210938
2015-01-06,42.012001037597656,42.84000015258789,40.84199905395508,42.25600051879883,42.25600051879883,31309500,TSLA,41.095943,42.189998626708984,0.0,1.1600570678710938
2015-01-08,42.5620002746582,42.7599983215332,42.00199890136719,42.124000549316406,42.124000549316406,17212500,TSLA,42.058167,41.332000732421875,0.0,0.06583404541015625
2015-01-09,41.784000396728516,41.99599838256836,40.992000579833984,41.332000732421875,41.332000732421875,23341500,TSLA,41.728737,40.44200134277344,0.0,-0.39673614501953125
2015-02-02,40.79399871826172,42.38999938964844,40.65999984741211,42.1879997253418,42.1879997253418,20746000,TSLA,41.358135,43.672000885009766,-0.829864501953125,0.0
2015-02-04,43.65800094604492,44.29600143432617,43.36000061035156,43.709999084472656,43.709999084472656,16527000,TSLA,44.326267,44.19800186157227,0.6162681579589844,0.0
2015-02-05,43.97600173950195,45.09600067138672,43.928001403808594,44.198001861572266,44.198001861572266,17614500,TSLA,45.043156,43.47200012207031,0.0,-0.84515380859375
2015-02-19,41.0,42.487998962402344,40.75,42.34199905395508,42.34199905395508,25770500,TSLA,41.821827,43.422000885009766,-0.520172119140625,0.0
2015-02-20,42.15599822998047,43.52000045776367,41.96200180053711,43.422000885009766,43.422000885009766,29910500,TSLA,42.877705,41.46799850463867,0.0,0.5442962646484375
2015-02-23,43.13199996948242,43.63999938964844,41.26599884033203,41.46799850463867,41.46799850463867,42499000,TSLA,42.759895,40.821998596191406,0.0,-1.2918968200683594
2015-03-02,40.540000915527344,40.667999267578125,39.16600036621094,39.465999603271484,39.465999603271484,39610500,TSLA,40.01545,39.9119987487793,0.5494499206542969,0.0
2015-03-06,39.84199905395508,40.150001525878906,38.43000030517578,38.7760009765625,38.7760009765625,33562000,TSLA,39.55696,38.17599868774414,0.0,-0.7809600830078125
2015-03-24,40.316001892089844,40.757999420166016,39.95000076293945,40.34400177001953,40.34400177001953,18249500,TSLA,40.4427,38.86000061035156,0.0,-0.09869766235351562
2015-03-26,38.784000396728516,38.95800018310547,37.939998626708984,38.082000732421875,38.082000732421875,20640000,TSLA,38.40246,37.0,0.0,-0.32045745849609375
2015-04-07,40.50199890136719,41.012001037597656,40.22800064086914,40.650001525878906,40.650001525878906,21739500,TSLA,41.2208,41.534000396728516,0.5707969665527344,0.0
2015-04-09,41.68600082397461,42.07400131225586,41.2239990234375,42.018001556396484,42.018001556396484,19001000,TSLA,42.63611,42.18000030517578,0.6181068420410156,0.0
2015-04-15,41.492000579833984,41.917999267578125,41.31999969482422,41.566001892089844,41.566001892089844,9762000,TSLA,41.34911,41.34000015258789,0.0,0.21689224243164062
2015-04-16,41.540000915527344,41.83399963378906,41.257999420166016,41.34000015258789,41.34000015258789,8295500,TSLA,41.170654,41.358001708984375,-0.16934585571289062,0.0
2015-04-17,40.99800109863281,41.375999450683594,40.70000076293945,41.358001708984375,41.358001708984375,12349500,TSLA,40.86734,41.05400085449219,0.0,0.49066162109375
2015-04-24,44.099998474121094,44.15999984741211,43.60200119018555,43.68600082397461,43.68600082397461,12139000,TSLA,44.646923,46.310001373291016,0.9609222412109375,0.0
2015-04-27,44.512001037597656,47.75,44.400001525878906,46.310001373291016,46.310001373291016,58363000,TSLA,45.895218,46.09600067138672,0.0,0.4147834777832031
2015-04-29,46.0099983215332,46.99399948120117,45.5260009765625,46.4900016784668,46.4900016784668,19680500,TSLA,47.230827,45.209999084472656,0.0,-0.7408256530761719
2015-05-04,45.63600158691406,46.94599914550781,45.422000885009766,46.10200119018555,46.10200119018555,22173000,TSLA,45.621635,46.59000015258789,-0.4803657531738281,0.0
2015-05-06,46.81999969482422,46.89400100708008,45.63999938964844,46.08599853515625,46.08599853515625,26354500,TSLA,46.556477,47.36000061035157,0.4704780578613281,0.0
2015-05-18,49.400001525878906,49.97999954223633,49.20000076293945,49.75,49.75,16766000,TSLA,49.52141,49.428001403808594,0.0,0.22858810424804688
2015-05-29,50.20000076293945,50.57400131225586,49.88600158691406,50.15999984741211,50.15999984741211,18946500,TSLA,50.047478,49.88999938964844,0.0,0.11252212524414062
2015-06-01,50.28200149536133,50.31999969482422,49.49399948120117,49.88999938964844,49.88999938964844,12525500,TSLA,50.106785,49.66999816894532,0.0,-0.21678543090820312
2015-06-05,49.20000076293945,49.939998626708984,49.13600158691406,49.827999114990234,49.827999114990234,15110000,TSLA,49.29678,51.257999420166016,-0.531219482421875,0.0
2015-06-10,50.380001068115234,50.79999923706055,49.70000076293945,50.13999938964844,50.13999938964844,17272500,TSLA,50.907238,50.28200149536133,0.7672386169433594,0.0
2015-06-11,50.652000427246094,50.874000549316406,50.08599853515625,50.28200149536133,50.28200149536133,10220500,TSLA,50.5399,50.13800048828125,0.0,-0.2579002380371094
2015-06-23,52.06399917602539,53.599998474121094,51.7140007019043,53.534000396728516,53.534000396728516,19354000,TSLA,52.72342,53.034000396728516,0.0,0.8105812072753906
2015-06-25,53.290000915527344,54.28200149536133,53.04999923706055,53.757999420166016,53.757999420166016,14246000,TSLA,53.727955,53.417999267578125,0.0,0.0300445556640625
2015-06-29,52.38999938964844,53.189998626708984,52.13999938964844,52.40399932861328,52.40399932861328,17394500,TSLA,52.887573,53.652000427246094,0.48357391357421875,0.0
2015-06-30,52.959999084472656,54.183998107910156,52.79999923706055,53.652000427246094,53.652000427246094,15434500,TSLA,52.936897,53.83000183105469,-0.7151031494140625,0.0
2015-07-06,55.7760009765625,56.3380012512207,55.2599983215332,55.944000244140625,55.944000244140625,20609500,TSLA,56.279118,53.57600021362304,0.0,-0.3351173400878906
2015-07-17,54.5,55.108001708984375,53.650001525878906,54.93199920654297,54.93199920654297,25020500,TSLA,54.174885,56.45199966430664,-0.7571144104003906,0.0
2015-08-03,53.257999420166016,53.34199905395508,51.41400146484375,51.99800109863281,51.99800109863281,12767500,TSLA,52.862667,53.25600051879883,0.8646659851074219,0.0
2015-08-04,52.00199890136719,53.34400177001953,51.667999267578125,53.25600051879883,53.25600051879883,11762500,TSLA,52.409607,54.02600097656249,-0.8463935852050781,0.0
2015-08-05,52.715999603271484,54.20000076293945,52.08000183105469,54.0260009765625,54.0260009765625,31071500,TSLA,52.75777,49.22600173950195,0.0,1.2682304382324219
2015-08-24,40.55799865722656,46.279998779296875,39.0,43.77399826049805,43.77399826049805,47908000,TSLA,42.019447,44.00600051879883,-1.7545509338378906,0.0
2015-08-27,46.20000076293945,48.95000076293945,46.1619987487793,48.597999572753906,48.597999572753906,38280000,TSLA,46.631176,49.69599914550781,-1.9668235778808594,0.0
2015-09-10,49.44599914550781,50.14400100708008,49.066001892089844,49.69599914550781,49.69599914550781,13545000,TSLA,49.80515,50.04800033569336,0.10914993286132812,0.0
2015-09-17,52.79199981689453,53.099998474121094,52.13800048828125,52.41400146484375,52.41400146484375,17929000,TSLA,52.576904,52.124000549316406,0.0,-0.16290283203125
2015-09-21,52.79600143432617,54.31399917602539,51.15999984741211,52.84000015258789,52.84000015258789,30601000,TSLA,52.767834,52.1879997253418,0.0,0.07216644287109375
2015-10-02,47.119998931884766,49.540000915527344,46.986000061035156,49.513999938964844,49.513999938964844,22120000,TSLA,47.77093,49.22999954223633,0.0,1.7430686950683594
2015-10-05,49.768001556396484,49.96799850463867,48.82600021362305,49.22999954223633,49.22999954223633,18449500,TSLA,48.688103,48.29199981689453,0.0,0.5418968200683594
2015-10-15,43.2859992980957,44.34600067138672,42.7400016784668,44.262001037597656,44.262001037597656,14221000,TSLA,43.551662,45.402000427246094,-0.7103385925292969,0.0
2015-10-23,43.0,43.06999969482422,41.53799819946289,41.81800079345703,41.81800079345703,21177500,TSLA,41.86405,43.051998138427734,0.046051025390625,0.0
2015-10-26,42.2760009765625,43.17599868774414,42.0,43.051998138427734,43.051998138427734,16957000,TSLA,42.43949,42.06999969482422,0.0,0.6125068664550781
2015-10-27,42.96799850463867,43.41999816894531,41.50199890136719,42.06999969482422,42.06999969482422,17597000,TSLA,42.56489,42.59199905395508,0.4948921203613281,0.0
2015-11-03,42.77000045776367,42.88800048828125,41.54999923706055,41.66999816894531,41.66999816894531,41662500,TSLA,41.93082,46.32600021362305,0.2608222961425781,0.0
2015-11-06,46.13999938964844,46.672000885009766,45.900001525878906,46.47200012207031,46.47200012207031,12226500,TSLA,47.84797,45.066001892089844,0.0,-1.3759689331054688
2015-11-11,43.55400085449219,43.895999908447266,42.72600173950195,43.816001892089844,43.816001892089844,16739000,TSLA,42.96706,42.5880012512207,0.0,0.8489418029785156
2015-11-16,41.21799850463867,42.99599838256836,41.15999984741211,42.86199951171875,42.86199951171875,14627000,TSLA,41.245224,42.79999923706055,0.0,1.6167755126953125
2015-11-19,44.108001708984375,45.237998962402344,44.060001373291016,44.36000061035156,44.36000061035156,12522000,TSLA,44.51917,44.00199890136718,0.0,-0.15916824340820312
2015-11-27,46.21200180053711,46.45000076293945,45.402000427246094,46.321998596191406,46.321998596191406,9747000,TSLA,46.24622,46.05199813842774,0.0,0.07577896118164062
2015-12-03,47.09600067138672,47.4900016784668,46.0,46.54199981689453,46.54199981689453,14698000,TSLA,47.053276,46.07600021362305,0.0,-0.5112762451171875
2015-12-15,44.36399841308594,44.444000244140625,43.599998474121094,44.21799850463867,44.21799850463867,11222000,TSLA,43.535038,46.9020004272461,-0.6829605102539062,0.0
2015-12-17,46.78799819946289,47.551998138427734,45.96200180053711,46.678001403808594,46.678001403808594,16493000,TSLA,46.877014,46.09199905395507,0.0,-0.19901275634765625
2016-01-05,45.27199935913086,45.37799835205078,44.0,44.68600082397461,44.68600082397461,15934000,TSLA,44.437332,43.80799865722657,0.0,0.24866867065429688
2016-01-06,44.0,44.0099983215332,43.19599914550781,43.80799865722656,43.80799865722656,18895500,TSLA,43.17511,43.130001068115234,0.0,0.6328887939453125
2016-01-08,43.571998596191406,44.0880012512207,42.15399932861328,42.20000076293945,42.20000076293945,18140500,TSLA,42.279755,41.56999969482422,0.0,-0.07975387573242188
2016-01-27,38.47600173950195,38.652000427246094,37.15399932861328,37.61399841308594,37.61399841308594,18086000,TSLA,37.76465,37.939998626708984,0.1506500244140625,0.0
2016-01-28,38.15800094604492,38.25600051879883,36.481998443603516,37.939998626708984,37.939998626708984,22964000,TSLA,37.100372,38.2400016784668,-0.8396263122558594,0.0
2016-02-05,34.2599983215332,34.599998474121094,31.54800033569336,32.52000045776367,32.52000045776367,47188000,TSLA,32.555058,29.59799957275391,0.0,-0.03505706787109375
2016-02-08,31.420000076293945,31.43000030517578,29.200000762939453,29.597999572753906,29.597999572753906,46565000,TSLA,30.000887,29.649999618530273,0.40288734436035156,0.0
2016-02-17,31.799999237060547,33.86800003051758,31.336000442504883,33.736000061035156,33.736000061035156,29126000,TSLA,33.583424,33.354000091552734,0.0,0.15257644653320312
2016-02-26,37.7400016784668,38.400001525878906,37.0,38.06800079345703,38.06800079345703,30325500,TSLA,37.875137,38.38600158691406,-0.19286346435546875,0.0
2016-03-01,38.849998474121094,39.189998626708984,36.540000915527344,37.27000045776367,37.27000045776367,33561000,TSLA,38.73658,37.667999267578125,1.4665794372558594,0.0
2016-03-02,36.74599838256836,37.70399856567383,36.29999923706055,37.667999267578125,37.667999267578125,24312000,TSLA,37.609608,39.14799880981445,-0.058391571044921875,0.0
2016-03-15,42.854000091552734,43.79399871826172,42.29999923706055,43.667999267578125,43.667999267578125,15902500,TSLA,43.356586,44.38600158691406,-0.3114128112792969,0.0
2016-03-18,45.81999969482422,46.895999908447266,45.61199951171875,46.54800033569336,46.54800033569336,23559000,TSLA,46.417065,47.66400146484376,-0.1309356689453125,0.0
2016-04-05,48.099998474121094,51.3120002746582,48.0,51.09400177001953,51.09400177001953,49743500,TSLA,50.53606,53.08399963378906,-0.5579414367675781,0.0
2016-04-07,53.290000915527344,53.86800003051758,50.902000427246094,51.439998626708984,51.439998626708984,44281000,TSLA,53.432514,50.01399993896485,0.0,-1.9925155639648438
2016-04-15,50.262001037597656,50.91999816894531,49.82400131225586,50.902000427246094,50.902000427246094,18762000,TSLA,50.18518,50.77600097656251,0.0,0.7168197631835938
2016-04-18,50.44599914550781,51.6619987487793,50.332000732421875,50.7760009765625,50.7760009765625,21357000,TSLA,50.3427,49.4739990234375,0.0,0.4333000183105469
2016-04-19,50.624000549316406,50.874000549316406,48.25,49.4739990234375,49.4739990234375,31787500,TSLA,49.437134,49.99399948120117,-0.036865234375,0.0
2016-05-06,42.17399978637695,43.27399826049805,41.62200164794922,42.986000061035156,42.986000061035156,28426000,TSLA,41.559418,41.784000396728516,0.0,1.4265823364257812
2016-05-13,41.555999755859375,42.2400016784668,41.34000015258789,41.52199935913086,41.52199935913086,14114000,TSLA,41.660343,41.65800094604492,0.13834381103515625,0.0
2016-05-16,41.630001068115234,42.630001068115234,41.58399963378906,41.65800094604492,41.65800094604492,14747000,TSLA,41.833263,40.93199920654297,0.0,-0.175262451171875
2016-05-19,42.7239990234375,43.358001708984375,41.459999084472656,43.04199981689453,43.04199981689453,34331500,TSLA,42.451515,44.05599975585938,-0.590484619140625,0.0
2016-06-02,43.917999267578125,43.981998443603516,43.422000885009766,43.79199981689453,43.79199981689453,10164000,TSLA,43.58371,43.79800033569337,-0.20829010009765625,0.0
2016-06-16,43.48400115966797,43.608001708984375,42.70000076293945,43.58599853515625,43.58599853515625,12201500,TSLA,43.107895,43.09400177001953,0.0,0.4781036376953125
2016-07-05,41.94599914550781,42.90800094604492,41.599998474121094,42.79600143432617,42.79600143432617,25876500,TSLA,42.89154,42.88800048828125,0.09553909301757812,0.0
2016-07-06,42.0,43.04600143432617,41.79999923706055,42.88800048828125,42.88800048828125,24599500,TSLA,42.531597,43.1879997253418,-0.3564033508300781,0.0
2016-08-09,45.36399841308594,46.30799865722656,45.33000183105469,45.816001892089844,45.816001892089844,11039000,TSLA,45.767387,45.130001068115234,0.0,0.048614501953125
2016-08-11,45.23400115966797,45.513999938964844,44.68199920654297,44.981998443603516,44.981998443603516,9404500,TSLA,45.0525,45.12200164794922,0.07050323486328125,0.0
2016-08-24,45.40999984741211,45.43000030517578,44.444000244140625,44.52399826049805,44.52399826049805,12853500,TSLA,44.96733,44.19200134277343,0.0,-0.4433326721191406
2016-08-31,42.08599853515625,42.52000045776367,41.72999954223633,42.402000427246094,42.402000427246094,16382500,TSLA,41.84385,40.15399932861328,0.0,0.5581512451171875
2016-09-02,40.465999603271484,40.63999938964844,39.2400016784668,39.555999755859375,39.555999755859375,29887000,TSLA,39.474667,40.566001892089844,-0.08133316040039062,0.0
2016-09-06,39.80400085449219,40.650001525878906,39.79999923706055,40.566001892089844,40.566001892089844,21953000,TSLA,39.488834,40.34199905395508,0.0,1.0771675109863281
2016-09-13,39.4119987487793,39.698001861572266,38.689998626708984,39.209999084472656,39.209999084472656,17947000,TSLA,39.172073,39.28200149536133,-0.03792572021484375,0.0
2016-09-14,39.150001525878906,39.58399963378906,38.97200012207031,39.28200149536133,39.28200149536133,11272500,TSLA,39.22691,40.08399963378906,-0.05509185791015625,0.0
2016-09-16,40.08399963378906,41.13999938964844,39.79999923706055,41.08000183105469,41.08000183105469,15539000,TSLA,40.604015,41.268001556396484,-0.4759864807128906,0.0
2016-09-20,41.369998931884766,41.54999923706055,40.78200149536133,40.928001403808594,40.928001403808594,12052500,TSLA,41.812042,41.04399871826172,0.8840408325195312,0.0
2016-09-21,41.27399826049805,41.400001525878906,40.3120002746582,41.04399871826172,41.04399871826172,13167500,TSLA,41.442776,41.2859992980957,0.3987770080566406,0.0
2016-09-23,41.198001861572266,42.0359992980957,41.13399887084961,41.4900016784668,41.4900016784668,14526000,TSLA,41.422806,41.79800033569336,-0.06719589233398438,0.0
2016-09-28,41.50199890136719,41.650001525878906,41.051998138427734,41.25400161743164,41.25400161743164,10442000,TSLA,41.490166,40.13999938964844,0.0,-0.23616409301757812
2016-10-17,39.40999984741211,39.678001403808594,38.400001525878906,38.79199981689453,38.79199981689453,22770500,TSLA,39.011703,39.81999969482422,0.21970367431640625,0.0
2016-10-25,40.58000183105469,40.9379997253418,40.2400016784668,40.46799850463867,40.46799850463867,12225000,TSLA,40.878944,40.448001861572266,0.0,-0.4109458923339844
2016-10-27,42.268001556396484,42.7400016784668,40.33000183105469,40.801998138427734,40.801998138427734,65468500,TSLA,41.05683,39.99399948120117,0.0,-0.2548332214355469
2016-11-01,39.608001708984375,39.70000076293945,37.62200164794922,38.15800094604492,38.15800094604492,35300000,TSLA,38.80124,37.604000091552734,0.0,-0.6432380676269531
2016-11-03,37.79999923706055,38.29399871826172,37.40800094604492,37.48400115966797,37.48400115966797,13265000,TSLA,37.175938,38.11199951171875,-0.3080635070800781,0.0
2016-11-14,37.599998474121094,37.650001525878906,35.63800048828125,36.290000915527344,36.290000915527344,32761000,TSLA,36.593346,36.75400161743164,0.3033447265625,0.0
2016-11-18,38.130001068115234,38.599998474121094,37.0,37.00400161743164,37.00400161743164,26051500,TSLA,37.70923,36.90399932861328,0.0,-0.7052268981933594
2016-11-22,37.167999267578125,38.29399871826172,36.742000579833984,38.23400115966797,38.23400115966797,28017000,TSLA,37.69687,38.62799835205078,-0.5371322631835938,0.0
2016-11-28,39.09600067138672,39.869998931884766,38.90999984741211,39.2239990234375,39.2239990234375,22646000,TSLA,39.858624,37.91400146484375,0.0,-0.6346244812011719
2016-12-09,38.17399978637695,38.768001556396484,38.1619987487793,38.43600082397461,38.43600082397461,13612500,TSLA,38.96527,38.486000061035156,0.5292701721191406,0.0
2016-12-21,41.689998626708984,42.44599914550781,41.481998443603516,41.540000915527344,41.540000915527344,26038000,TSLA,42.015762,41.689998626708984,0.47576141357421875,0.0
2016-12-30,43.2599983215332,43.5,42.33599853515625,42.737998962402344,42.737998962402344,23213000,TSLA,43.218548,43.39799880981446,0.4805488586425781,0.0
2017-01-03,42.97200012207031,44.066001892089844,42.19200134277344,43.39799880981445,43.39799880981445,29616500,TSLA,42.85353,45.39799880981445,-0.5444679260253906,0.0
2017-01-19,49.45000076293945,49.736000061035156,48.150001525878906,48.75199890136719,48.75199890136719,38661500,TSLA,48.77283,48.945999145507805,0.020832061767578125,0.0
2017-01-20,49.09199905395508,49.20000076293945,48.60200119018555,48.94599914550781,48.94599914550781,21021500,TSLA,49.319603,49.784000396728516,0.37360382080078125,0.0
2017-01-31,49.847999572753906,51.178001403808594,49.540000915527344,50.38600158691406,50.38600158691406,20580500,TSLA,49.83722,49.847999572753906,0.0,0.5487823486328125
2017-02-01,50.61000061035156,50.63999938964844,49.810001373291016,49.847999572753906,49.847999572753906,19794000,TSLA,49.8079,50.31000137329102,-0.04010009765625,0.0
2017-02-02,49.667999267578125,50.48400115966797,49.54199981689453,50.310001373291016,50.310001373291016,12499000,TSLA,49.77761,50.26599884033203,0.0,0.5323905944824219
2017-02-10,53.95800018310547,54.189998626708984,53.22200012207031,53.84600067138672,53.84600067138672,18098500,TSLA,54.306858,56.119998931884766,0.4608573913574219,0.0
2017-02-13,54.14799880981445,56.15800094604492,54.10200119018555,56.119998931884766,56.119998931884766,35148000,TSLA,55.440956,56.19599914550781,-0.6790428161621094,0.0
2017-03-03,50.14799880981445,50.380001068115234,49.79999923706055,50.31399917602539,50.31399917602539,14597000,TSLA,50.143208,50.242000579833984,0.0,0.1707916259765625
2017-03-10,49.242000579833984,49.29999923706055,48.599998474121094,48.737998962402344,48.737998962402344,15331500,TSLA,48.397625,49.23400115966797,-0.3403739929199219,0.0
2017-03-17,52.79999923706055,53.066001892089844,52.2400016784668,52.29999923706055,52.29999923706055,32487500,TSLA,53.31421,52.38399887084961,1.0142097473144531,0.0
2017-03-20,52.119998931884766,52.90999984741211,51.763999938964844,52.38399887084961,52.38399887084961,18071500,TSLA,53.062115,50.13600158691406,0.0,-0.6781158447265625
2017-03-21,52.566001892089844,52.959999084472656,50.04800033569336,50.13600158691406,50.13600158691406,34543000,TSLA,51.749775,51.00199890136719,1.6137733459472656,0.0
2017-03-23,51.077999114990234,51.534000396728516,50.65999984741211,50.95600128173828,50.95600128173828,16601000,TSLA,50.399727,52.63199996948242,-0.5562744140625,0.0
2017-03-27,52.119998931884766,54.11399841308594,51.95000076293945,54.04399871826172,54.04399871826172,31154000,TSLA,52.775616,55.4900016784668,-1.2683830261230469,0.0
2017-03-28,55.40399932861328,56.13600158691406,55.0,55.4900016784668,55.4900016784668,39938000,TSLA,55.22921,55.47600173950195,0.0,0.2607917785644531
2017-04-10,61.83000183105469,62.74599838256836,61.742000579833984,62.47800064086914,62.47800064086914,38322500,TSLA,61.649456,61.742000579833984,0.0,0.8285446166992188
2017-04-11,62.67599868774414,62.694000244140625,61.099998474121094,61.742000579833984,61.742000579833984,28623000,TSLA,62.262302,59.36800003051758,0.0,-0.5203018188476562
2017-04-17,60.540000915527344,60.79999923706055,59.736000061035156,60.28799819946289,60.28799819946289,20693500,TSLA,59.37638,60.04999923706054,0.0,0.9116172790527344
2017-04-19,60.492000579833984,61.32400131225586,60.422000885009766,61.104000091552734,61.104000091552734,19490000,TSLA,60.104008,60.50199890136719,0.0,0.9999923706054688
2017-04-27,62.3380012512207,62.61800003051758,61.5,61.72600173950195,61.72600173950195,17343000,TSLA,62.14905,62.8139991760254,0.4230499267578125,0.0
2017-05-09,61.875999450683594,64.39800262451172,61.81999969482422,64.25199890136719,64.25199890136719,48382500,TSLA,62.566444,65.04399871826172,-1.6855545043945312,0.0
2017-05-18,61.400001525878906,62.78799819946289,61.0620002746582,62.61199951171875,62.61199951171875,28269000,TSLA,60.79688,62.16600036621094,0.0,1.8151206970214844
2017-06-02,67.9540023803711,68.57599639892578,67.18599700927734,67.97000122070312,67.97000122070312,27951000,TSLA,68.936424,69.46399688720703,0.9664230346679688,0.0
2017-06-07,71.26799774169922,72.0999984741211,71.02799987792969,71.93000030517578,71.93000030517578,46990000,TSLA,71.19992,74.0,-0.7300796508789062,0.0
2017-06-08,72.75,74.37999725341797,72.04399871826172,74.0,74.0,45307500,TSLA,73.345436,71.46399688720703,0.0,0.6545639038085938
2017-06-20,75.33399963378906,75.7760009765625,73.94599914550781,74.447998046875,74.447998046875,37193500,TSLA,73.83783,75.27999877929688,-0.61016845703125,0.0
2017-06-21,74.87000274658203,75.39800262451172,73.60399627685547,75.27999877929688,75.27999877929688,24616000,TSLA,73.91918,76.52200317382812,-1.3608169555664062,0.0
2017-06-23,76.48999786376953,77.39800262451172,75.87000274658203,76.69000244140625,76.69000244140625,32229000,TSLA,75.87802,75.49800109863281,0.0,0.811981201171875
2017-06-30,72.74199676513672,73.35399627685547,71.92400360107422,72.3219985961914,72.3219985961914,29242500,TSLA,71.39121,70.52400207519531,0.0,0.9307861328125
2017-07-07,62.70000076293945,63.400001525878906,61.47600173950195,62.64400100708008,62.64400100708008,70884500,TSLA,59.425335,63.20999908447265,-3.2186660766601562,0.0
2017-07-11,63.20000076293945,65.45600128173828,62.86000061035156,65.44400024414062,65.44400024414062,57797000,TSLA,62.673565,65.90399932861328,-2.770435333251953,0.0
2017-07-28,67.37799835205078,67.91999816894531,66.50199890136719,67.01399993896484,67.01399993896484,24402000,TSLA,66.91356,64.69400024414062,0.0,0.10044097900390625
2017-07-31,67.0999984741211,68.2979965209961,64.20800018310547,64.69400024414062,64.69400024414062,42675500,TSLA,65.47179,63.91400146484376,0.0,-0.7777862548828125
2017-08-03,69.06600189208984,70.0,68.62999725341797,69.41799926757812,69.41799926757812,67675000,TSLA,66.74006,71.38200378417969,-2.6779403686523438,0.0
2017-08-04,69.4000015258789,71.4540023803711,68.66000366210938,71.38200378417969,71.38200378417969,46344500,TSLA,70.45335,71.03399658203125,0.0,0.9286575317382812
2017-08-08,71.50599670410156,73.71600341796875,71.4800033569336,73.04399871826172,73.04399871826172,37249000,TSLA,73.47109,72.70600128173828,0.0,-0.427093505859375
2017-08-09,72.19999694824219,74.0,71.79000091552734,72.70600128173828,72.70600128173828,34460500,TSLA,73.45547,71.08000183105469,0.0,-0.7494659423828125
2017-08-11,71.39399719238281,72.25199890136719,70.7239990234375,71.5739974975586,71.5739974975586,21829000,TSLA,71.19423,72.76000213623047,-0.37976837158203125,0.0
2017-08-14,72.9260025024414,73.53199768066406,72.5199966430664,72.76000213623047,72.76000213623047,22596000,TSLA,71.80527,72.46600341796875,0.0,0.9547348022460938
2017-08-16,72.5999984741211,73.30000305175781,72.50399780273438,72.58200073242188,72.58200073242188,17069000,TSLA,72.30928,70.38400268554688,0.0,0.2727203369140625
2017-08-22,68.22599792480469,68.447998046875,67.4739990234375,68.2699966430664,68.2699966430664,21610000,TSLA,66.415504,70.55400085449219,-1.8544921875,0.0
2017-08-23,67.7979965209961,70.697998046875,67.66000366210938,70.55400085449219,70.55400085449219,24772500,TSLA,67.72334,70.58599853515625,-2.830657958984375,0.0
2017-09-12,72.89800262451172,73.75199890136719,72.08000183105469,72.55000305175781,72.55000305175781,29864500,TSLA,72.57984,73.24600219726562,0.02983856201171875,0.0
2017-09-14,72.86599731445312,75.59200286865234,72.5260009765625,75.52799987792969,75.52799987792969,36012500,TSLA,74.53721,75.96199798583984,-0.9907913208007812,0.0
2017-09-19,76.0,76.47799682617188,74.71399688720703,75.0199966430664,75.0199966430664,32259500,TSLA,76.39119,74.78199768066406,0.0,-1.3711929321289062
2017-09-20,74.5999984741211,75.6500015258789,74.21399688720703,74.78199768066406,74.78199768066406,24595500,TSLA,75.151764,73.2959976196289,0.0,-0.3697662353515625
2017-09-21,74.9800033569336,75.36599731445312,72.9020004272461,73.2959976196289,73.2959976196289,23091000,TSLA,73.7808,70.21800231933594,0.0,-0.48480224609375
2017-09-22,73.2979965209961,73.9800033569336,70.1760025024414,70.21800231933594,70.21800231933594,40797000,TSLA,71.29979,68.99800109863281,0.0,-1.081787109375
2017-09-28,67.97599792480469,68.55000305175781,67.08000183105469,67.91999816894531,67.91999816894531,26598000,TSLA,67.107315,68.22000122070312,-0.81268310546875,0.0
2017-10-19,71.11199951171875,71.43000030517578,69.63999938964844,70.36199951171875,70.36199951171875,25309000,TSLA,70.55836,69.0199966430664,0.0,-0.19635772705078125
2017-10-24,67.76000213623047,68.55999755859375,67.23200225830078,67.46800231933594,67.46800231933594,22458500,TSLA,66.90914,65.16799926757812,0.0,0.5588607788085938
2017-10-27,63.95000076293945,64.91799926757812,63.332000732421875,64.17400360107422,64.17400360107422,34898500,TSLA,63.268547,64.01599884033203,0.0,0.90545654296875
2017-11-01,66.44999694824219,66.52200317382812,64.052001953125,64.21600341796875,64.21600341796875,42286500,TSLA,64.87979,59.85200119018555,0.0,-0.663787841796875
2017-11-02,60.0260009765625,61.737998962402344,58.5260009765625,59.85200119018555,59.85200119018555,98957000,TSLA,60.856796,61.21799850463867,1.0047950744628906,0.0
2017-11-10,60.5,61.672000885009766,60.369998931884766,60.597999572753906,60.597999572753906,23127000,TSLA,60.25738,63.08000183105469,-0.3406181335449219,0.0
2017-11-24,62.757999420166016,63.28200149536133,62.20000076293945,63.11000061035156,63.11000061035156,16220500,TSLA,62.801212,63.36199951171874,-0.3087882995605469,0.0
2017-11-29,63.459999084472656,63.599998474121094,60.24599838256836,61.507999420166016,61.507999420166016,43837000,TSLA,61.87279,61.77000045776367,0.3647918701171875,0.0
2017-12-12,66.08999633789062,68.28800201416016,66.00599670410156,68.20600128173828,68.20600128173828,43666000,TSLA,66.88214,67.80599975585938,0.0,1.3238601684570312
2017-12-15,68.40799713134766,68.77999877929688,67.1520004272461,68.69000244140625,68.69000244140625,34666000,TSLA,68.85701,67.77400207519531,0.0,-0.1670074462890625
2017-12-18,68.9800033569336,69.34600067138672,67.51599884033203,67.77400207519531,67.77400207519531,27381000,TSLA,68.45619,66.22000122070312,0.0,-0.68218994140625
2017-12-22,65.9020004272461,66.18399810791016,64.96399688720703,65.04000091552734,65.04000091552734,21079000,TSLA,64.74323,63.45800018310546,0.0,0.2967681884765625
2017-12-28,62.349998474121094,63.16400146484375,61.90800094604492,63.071998596191406,63.071998596191406,21581500,TSLA,61.340477,62.27000045776367,0.0,1.7315216064453125
2018-01-02,62.400001525878906,64.4219970703125,62.20000076293945,64.10600280761719,64.10600280761719,21761000,TSLA,62.39682,63.45000076293945,0.0,1.7091827392578125
2018-01-09,67.03199768066406,67.76000213623047,65.4800033569336,66.73799896240234,66.73799896240234,35733000,TSLA,66.72073,66.95999908447266,-0.01726531982421875,0.0
2018-01-10,66.44000244140625,67.4000015258789,66.0,66.95999908447266,66.95999908447266,21549500,TSLA,67.70445,67.58999633789062,0.7444534301757812,0.0
2018-01-19,69.0,70.11799621582031,68.5199966430664,70.00399780273438,70.00399780273438,24441500,TSLA,69.503784,70.31199645996094,-0.500213623046875,0.0
2018-01-24,70.91600036621094,70.94999694824219,68.7040023803711,69.1780014038086,69.1780014038086,26437500,TSLA,70.137535,67.52799987792969,0.0,-0.95953369140625
2018-01-26,68.30000305175781,68.80000305175781,67.14199829101562,68.56999969482422,68.56999969482422,22697000,TSLA,67.27579,69.90599822998047,-1.2942123413085938,0.0
2018-02-26,70.69999694824219,71.80000305175781,70.47200012207031,71.48400115966797,71.48400115966797,21700000,TSLA,71.287964,70.197998046875,0.0,0.19603729248046875
2018-03-16,64.58599853515625,65.4800033569336,63.81399917602539,64.2699966430664,64.2699966430664,30586500,TSLA,64.15275,62.71200180053711,0.0,0.11724853515625
2018-03-26,61.46799850463867,61.518001556396484,58.27199935913086,60.83599853515625,60.83599853515625,41876000,TSLA,59.683163,55.83599853515626,0.0,1.1528358459472656
2018-03-29,51.29800033569336,54.19200134277344,49.641998291015625,53.22600173950195,53.22600173950195,75853500,TSLA,49.241554,50.49599838256836,0.0,3.984447479248047
2018-04-02,51.25199890136719,52.066001892089844,48.917999267578125,50.49599838256836,50.49599838256836,80570000,TSLA,48.53396,53.50600051879883,-1.9620399475097656,0.0
2018-04-09,60.07400131225586,61.900001525878906,57.84199905395508,57.93199920654297,57.93199920654297,51249000,TSLA,61.549503,60.939998626708984,3.617504119873047,0.0
2018-04-10,59.79399871826172,61.41999816894531,58.736000061035156,60.939998626708984,60.939998626708984,54949000,TSLA,60.85496,60.18600082397461,0.0,0.0850372314453125
2018-04-25,56.70000076293945,57.03200149536133,55.45000076293945,56.13800048828125,56.13800048828125,20068000,TSLA,55.28681,57.096000671386726,-0.8511886596679688,0.0
2018-05-03,55.757999420166016,57.608001708984375,55.04600143432617,56.88999938964844,56.88999938964844,86760500,TSLA,57.400307,58.818000793457024,0.5103073120117188,0.0
2018-05-11,61.540000915527344,61.7760009765625,59.816001892089844,60.21200180053711,60.21200180053711,23398000,TSLA,61.09644,58.39400100708008,0.0,-0.8844375610351562
2018-05-15,57.00199890136719,57.391998291015625,56.099998474121094,56.83599853515625,56.83599853515625,47596000,TSLA,56.351208,57.29600143432618,-0.4847908020019531,0.0
2018-05-30,56.65800094604492,59.00199890136719,56.31999969482422,58.34400177001953,58.34400177001953,37448500,TSLA,57.117798,56.945999145507805,0.0,1.2262039184570312
2018-06-20,71.60800170898438,72.8759994506836,70.4000015258789,72.44400024414062,72.44400024414062,41918500,TSLA,71.22916,69.50199890136719,0.0,1.21484375
2018-06-27,69.0,70.15799713134766,67.9000015258789,68.9000015258789,68.9000015258789,41668500,TSLA,66.822105,69.98600006103516,-2.0778961181640625,0.0
2018-06-28,69.73200225830078,71.40399932861328,69.22200012207031,69.98600006103516,69.98600006103516,41990000,TSLA,69.04911,68.58999633789062,0.0,0.9368896484375
2018-06-29,70.66600036621094,70.77200317382812,68.48200225830078,68.58999633789062,68.58999633789062,32462000,TSLA,69.594284,67.01399993896484,0.0,-1.0042877197265625
2018-07-17,61.762001037597656,64.947998046875,61.70000076293945,64.53800201416016,64.53800201416016,34981000,TSLA,61.85461,64.7699966430664,-2.683391571044922,0.0
2018-07-27,61.45000076293945,61.53799819946289,59.06800079345703,59.43600082397461,59.43600082397461,28516500,TSLA,60.42242,58.034000396728516,0.0,-0.986419677734375
2018-08-09,73.11000061035156,73.4020004272461,69.14600372314453,70.48999786376953,70.48999786376953,85919000,TSLA,73.11121,71.0979995727539,2.6212158203125,0.0
2018-08-13,72.22599792480469,72.63800048828125,69.80400085449219,71.28199768066406,71.28199768066406,52319500,TSLA,70.59637,69.52799987792969,0.0,0.6856307983398438
2018-08-15,68.38200378417969,68.89800262451172,66.4280014038086,67.73799896240234,67.73799896240234,45506500,TSLA,67.24153,67.08999633789062,0.0,0.49646759033203125
2018-08-24,64.13999938964844,64.7699966430664,63.880001068115234,64.56400299072266,64.56400299072266,18013000,TSLA,64.57138,63.854000091552734,0.0,-0.00737762451171875
2018-09-06,56.959999084472656,58.23400115966797,55.7760009765625,56.189998626708984,56.189998626708984,37404000,TSLA,55.044235,52.64799880981445,0.0,1.1457633972167969
2018-09-14,57.75199890136719,59.465999603271484,57.30400085449219,59.040000915527344,59.040000915527344,33828000,TSLA,59.109905,58.96799850463867,0.0,-0.06990432739257812
2018-09-18,59.3380012512207,60.52799987792969,55.099998474121094,56.992000579833984,56.992000579833984,82737500,TSLA,57.736202,59.80400085449219,0.74420166015625,0.0
2018-09-19,56.10200119018555,60.0,56.099998474121094,59.80400085449219,59.80400085449219,41474500,TSLA,57.315083,59.66600036621094,0.0,2.4889183044433594
2018-09-21,59.540000915527344,60.11600112915039,59.07400131225586,59.81999969482422,59.81999969482422,25252500,TSLA,59.794174,59.93600082397461,-0.02582550048828125,0.0
2018-10-02,62.790000915527344,63.36800003051758,59.83000183105469,60.20399856567383,60.20399856567383,58717500,TSLA,60.300976,58.959999084472656,0.0,-0.09697723388671875
2018-10-05,54.93000030517578,54.97600173950195,52.0,52.38999938964844,52.38999938964844,89722500,TSLA,53.385117,50.11199951171874,0.0,-0.9951171875
2018-10-16,53.13999938964844,55.47600173950195,52.448001861572266,55.31800079345703,55.31800079345703,47632000,TSLA,53.19827,54.35599899291993,0.0,2.119731903076172
2018-10-18,53.858001708984375,54.20000076293945,52.599998474121094,52.78200149536133,52.78200149536133,27106000,TSLA,54.06441,51.99999999999999,0.0,-1.28240966796875
2018-11-01,67.6520004272461,69.56800079345703,66.94599914550781,68.85600280761719,68.85600280761719,40000500,TSLA,68.327545,69.28199768066406,-0.5284576416015625,0.0
2018-11-08,69.69999694824219,71.51599884033203,69.68800354003906,70.27999877929688,70.27999877929688,35453500,TSLA,68.9533,70.10199737548828,0.0,1.3266983032226562
2018-11-09,69.80000305175781,70.80000305175781,69.0459976196289,70.10199737548828,70.10199737548828,25494000,TSLA,69.43588,66.25599670410156,0.0,0.6661148071289062
2018-11-13,66.63200378417969,68.94000244140625,66.44000244140625,67.74600219726562,67.74600219726562,27243000,TSLA,66.26608,68.80000305175781,-1.47991943359375,0.0
2018-11-20,68.3499984741211,69.95999908447266,66.70999908447266,69.49800109863281,69.49800109863281,40023500,TSLA,69.59808,67.63800048828125,0.0,-0.1000823974609375
2018-11-23,66.87000274658203,67.5,65.11000061035156,65.16600036621094,65.16600036621094,21013000,TSLA,66.103165,69.19999694824219,0.937164306640625,0.0
2018-12-03,72.0,73.19999694824219,70.4000015258789,71.697998046875,71.697998046875,41532500,TSLA,70.825966,71.94000244140625,-0.8720321655273438,0.0
2018-12-06,71.2020034790039,73.47599792480469,70.1520004272461,72.61199951171875,72.61199951171875,39212500,TSLA,72.22098,71.59400177001953,0.0,0.391021728515625
2018-12-10,72.0,73.19599914550781,70.6240005493164,73.02999877929688,73.02999877929688,33067500,TSLA,72.600525,73.35199737548828,-0.429473876953125,0.0
2019-01-04,61.20000076293945,63.599998474121094,60.54600143432617,63.53799819946289,63.53799819946289,36970500,TSLA,60.324135,66.99199676513672,-3.2138633728027344,0.0
2019-02-01,61.08399963378906,63.220001220703125,60.70000076293945,62.44200134277344,62.44200134277344,36417000,TSLA,61.543644,62.577999114990234,-0.8983573913574219,0.0
2019-02-12,63.2400016784668,63.63800048828125,61.92399978637695,62.36199951171875,62.36199951171875,27588000,TSLA,61.958237,61.6339988708496,0.0,0.4037628173828125
2019-02-21,60.36199951171875,60.64799880981445,58.099998474121094,58.24599838256836,58.24599838256836,44546000,TSLA,58.796116,58.94200134277344,0.5501174926757812,0.0
2019-02-25,59.582000732421875,60.58000183105469,59.400001525878906,59.75400161743164,59.75400161743164,33132500,TSLA,58.68995,59.571998596191406,0.0,1.0640525817871094
2019-03-11,56.70399856567383,58.25600051879883,56.099998474121094,58.183998107910156,58.183998107910156,36961500,TSLA,56.828785,56.672000885009766,0.0,1.3552131652832031
2019-03-14,58.4900016784668,59.077999114990234,57.65800094604492,57.992000579833984,57.992000579833984,35517000,TSLA,57.498444,55.08599853515625,0.0,0.4935569763183594
2019-03-15,56.70199966430664,56.74399948120117,54.880001068115234,55.08599853515625,55.08599853515625,73927500,TSLA,55.682774,53.89799880981446,0.0,-0.5967750549316406
2019-03-18,55.20000076293945,55.61000061035156,53.459999084472656,53.89799880981445,53.89799880981445,51405000,TSLA,53.501724,53.49399948120117,0.0,0.3962745666503906
2019-03-21,54.52000045776367,55.290000915527344,53.689998626708984,54.80400085449219,54.80400085449219,29735500,TSLA,53.724743,52.90599822998047,0.0,1.0792579650878906
2019-04-05,53.97200012207031,55.220001220703125,53.22200012207031,54.992000579833984,54.992000579833984,65191500,TSLA,52.541656,54.63999938964844,0.0,2.4503440856933594
2019-04-12,54.04399871826172,54.38999938964844,53.36600112915039,53.540000915527344,53.540000915527344,33730000,TSLA,53.130047,53.2760009765625,0.0,0.4099540710449219
2019-04-22,53.79999923706055,53.93600082397461,52.49599838256836,52.54999923706055,52.54999923706055,60735500,TSLA,53.14207,52.779998779296875,0.592071533203125,0.0
2019-04-24,52.77000045776367,53.06399917602539,51.599998474121094,51.731998443603516,51.731998443603516,53637500,TSLA,51.123955,49.5260009765625,0.0,0.6080436706542969
2019-04-25,51.0,51.79999923706055,49.2140007019043,49.5260009765625,49.5260009765625,109247000,TSLA,49.59655,47.02799987792969,0.0,-0.07054901123046875
2019-05-07,51.36000061035156,51.44200134277344,49.02000045776367,49.4119987487793,49.4119987487793,50657000,TSLA,50.75818,48.96799850463867,0.0,-1.3461799621582031
2019-05-08,49.38800048828125,50.119998931884766,48.84000015258789,48.96799850463867,48.96799850463867,30882000,TSLA,49.75882,48.395999908447266,0.0,-0.7908210754394531
2019-05-10,47.95000076293945,48.39799880981445,47.20399856567383,47.90399932861328,47.90399932861328,35041500,TSLA,46.860237,45.402000427246094,0.0,1.04376220703125
2019-05-14,45.86000061035156,46.900001525878906,45.599998474121094,46.46200180053711,46.46200180053711,36262000,TSLA,44.31189,46.38999938964844,0.0,2.1501121520996094
2019-05-16,45.89799880981445,46.20000076293945,45.29999923706055,45.66600036621094,45.66600036621094,37416500,TSLA,44.833923,42.20600128173828,0.0,0.8320770263671875
2019-05-22,39.81999969482422,40.78799819946289,38.35599899291992,38.54600143432617,38.54600143432617,93426000,TSLA,37.938477,39.097999572753906,-0.6075248718261719,0.0
2019-05-24,39.965999603271484,39.99599838256836,37.75,38.125999450683594,38.125999450683594,70683000,TSLA,38.181416,37.7400016784668,0.0,-0.055416107177734375
2019-06-25,44.87799835205078,45.06800079345703,43.89799880981445,43.95199966430664,43.95199966430664,30910500,TSLA,43.981197,43.854000091552734,0.0,-0.02919769287109375
2019-06-26,44.0620002746582,45.44599914550781,43.619998931884766,43.854000091552734,43.854000091552734,42536000,TSLA,43.83131,44.56800079345703,-0.0226898193359375,0.0
2019-07-02,45.77799987792969,45.83000183105469,44.444000244140625,44.90999984741211,44.90999984741211,46295000,TSLA,45.305206,46.97999954223633,0.3952064514160156,0.0
2019-07-08,46.24800109863281,46.45000076293945,45.731998443603516,46.06800079345703,46.06800079345703,29402500,TSLA,46.672886,46.012001037597656,0.0,-0.6048851013183594
2019-07-12,47.95000076293945,49.07600021362305,47.94200134277344,49.01599884033203,49.01599884033203,46002500,TSLA,48.4646,50.70000076293945,-0.5513992309570312,0.0
2019-07-22,51.75,52.43000030517578,50.8380012512207,51.13600158691406,51.13600158691406,34212000,TSLA,51.381973,52.034000396728516,0.2459716796875,0.0
2019-07-23,51.34199905395508,52.09600067138672,50.900001525878906,52.034000396728516,52.034000396728516,25115500,TSLA,51.394707,52.97600173950195,-0.6392936706542969,0.0
2019-07-26,45.38399887084961,46.051998138427734,44.45000076293945,45.608001708984375,45.608001708984375,50138500,TSLA,43.599022,47.15399932861328,-2.0089797973632812,0.0
2019-08-13,45.762001037597656,47.20000076293945,45.5099983215332,47.0,47.0,24240500,TSLA,46.058464,43.92399978637695,0.0,0.9415359497070312
2019-08-21,44.402000427246094,44.64400100708008,43.52000045776367,44.16600036621094,44.16600036621094,38971500,TSLA,44.906242,44.43000030517578,0.7402420043945312,0.0
2019-08-30,45.83000183105469,46.487998962402344,44.84199905395508,45.12200164794922,45.12200164794922,46603000,TSLA,45.33042,45.00199890136719,0.0,-0.2084197998046875
2019-09-06,45.439998626708984,45.928001403808594,45.034000396728516,45.4900016784668,45.4900016784668,20947000,TSLA,45.3921,46.358001708984375,-0.097900390625,0.0
2019-09-09,46.0,46.75199890136719,45.84600067138672,46.358001708984375,46.358001708984375,24013500,TSLA,46.19631,47.108001708984375,-0.16169357299804688,0.0
2019-09-11,47.47600173950195,49.63399887084961,47.20000076293945,49.41999816894531,49.41999816894531,50214000,TSLA,48.25093,49.17399978637695,0.0,1.1690673828125
2019-09-17,48.49399948120117,49.119998931884766,48.07400131225586,48.95800018310547,48.95800018310547,19327000,TSLA,48.787354,48.698001861572266,0.0,0.17064666748046875
2019-11-05,63.92399978637695,64.7020034790039,63.2239990234375,63.444000244140625,63.444000244140625,34717000,TSLA,62.437313,65.31600189208984,-1.0066871643066406,0.0
2019-11-07,65.8280029296875,68.30000305175781,65.60399627685547,67.10800170898438,67.10800170898438,72336500,TSLA,65.12293,67.4280014038086,-1.9850692749023438,0.0
2019-11-11,68.79000091552734,69.83799743652344,68.4000015258789,69.01799774169922,69.01799774169922,49933500,TSLA,68.51348,69.98600006103516,-0.5045166015625,0.0
2019-11-12,69.37999725341797,70.0739974975586,68.80799865722656,69.98600006103516,69.98600006103516,36797000,TSLA,69.6615,69.22200012207031,0.0,0.32450103759765625
2019-11-15,70.12799835205078,70.55999755859375,69.6719970703125,70.43399810791016,70.43399810791016,24045000,TSLA,69.79905,69.99800109863281,0.0,0.63494873046875
2019-11-22,68.03199768066406,68.19999694824219,66.0,66.60800170898438,66.60800170898438,84353000,TSLA,67.516365,67.26799774169922,0.9083633422851562,0.0
2019-12-10,67.99199676513672,70.14600372314453,67.86199951171875,69.76799774169922,69.76799774169922,44141500,TSLA,68.44018,70.54000091552734,-1.32781982421875,0.0
2019-12-18,76.1259994506836,79.04399871826172,76.11599731445312,78.62999725341797,78.62999725341797,70605000,TSLA,77.93709,80.80799865722656,-0.6929092407226562,0.0
2020-01-09,99.41999816894531,99.76000213623047,94.5739974975586,96.26799774169922,96.26799774169922,142202000,TSLA,97.49599,95.62999725341797,0.0,-1.2279891967773438
2020-01-13,98.69999694824219,105.1259994506836,98.4000015258789,104.97200012207031,104.97200012207031,132588000,TSLA,100.38219,107.58399963378906,-4.589813232421875,0.0
2020-01-21,106.05000305175781,109.71600341796875,105.68199920654297,109.44000244140625,109.44000244140625,89017500,TSLA,104.17655,113.91200256347656,-5.263450622558594,0.0
2020-01-24,114.1259994506836,114.77200317382812,110.85199737548828,112.96399688720703,112.96399688720703,71768000,TSLA,114.098236,111.60399627685547,0.0,-1.1342391967773438
2020-01-28,113.697998046875,115.36199951171875,111.61599731445312,113.37999725341797,113.37999725341797,58942500,TSLA,111.12326,116.197998046875,-2.2567367553710938,0.0
2020-01-31,128.0,130.60000610351562,126.50399780273438,130.11399841308594,130.11399841308594,78596500,TSLA,129.41008,156.0,-0.70391845703125,0.0
2020-02-11,153.75799560546875,156.70199584960938,151.60000610351562,154.87600708007812,154.87600708007812,58487500,TSLA,154.49748,153.45799255371094,0.0,0.3785247802734375
2020-02-25,169.8000030517578,171.32000732421875,157.39999389648438,159.98199462890625,159.98199462890625,86452500,TSLA,163.81781,155.75999450683594,0.0,-3.8358154296875
2020-03-31,100.25,108.59200286865234,99.4000015258789,104.80000305175781,104.80000305175781,88857500,TSLA,100.69514,96.31199645996094,0.0,4.104866027832031
2020-04-02,96.20600128173828,98.85199737548828,89.27999877929688,90.89399719238281,90.89399719238281,99292000,TSLA,92.18974,96.00199890136719,1.295745849609375,0.0
2020-04-14,139.79400634765625,148.37600708007812,138.48599243164062,141.97799682617188,141.97799682617188,30576500,TSLA,140.24306,145.96600341796875,-1.7349395751953125,0.0
2020-04-24,142.16200256347656,146.14599609375,139.63600158691406,145.02999877929688,145.02999877929688,13237600,TSLA,144.15152,159.75,-0.87847900390625,0.0
2020-05-04,140.1999969482422,152.39999389648438,139.60000610351562,152.23800659179688,152.23800659179688,19237100,TSLA,146.67978,153.64199829101562,-5.5582275390625,0.0
2020-05-14,156.0,160.6719970703125,152.8000030517578,160.66600036621094,160.66600036621094,13682200,TSLA,160.42923,159.83399963378906,0.0,0.2367706298828125
2020-05-18,165.55599975585938,166.94400024414062,160.7760009765625,162.7259979248047,162.7259979248047,11698100,TSLA,164.07599,161.6020050048828,0.0,-1.3499908447265625
2020-05-21,163.1999969482422,166.5,159.1999969482422,165.52000427246094,165.52000427246094,12254600,TSLA,166.34637,163.37600708007812,0.0,-0.8263702392578125
2020-05-26,166.89999389648438,166.9199981689453,163.14199829101562,163.7740020751953,163.7740020751953,8089700,TSLA,167.25702,164.04600524902344,3.4830169677734375,0.0
2020-05-28,162.70199584960938,164.9499969482422,160.33799743652344,161.16200256347656,161.16200256347656,7255600,TSLA,164.59453,167.0,3.432525634765625,0.0
2020-06-03,177.62399291992188,179.58799743652344,176.02000427246094,176.5919952392578,176.5919952392578,7949500,TSLA,183.06697,172.87600708007812,0.0,-6.4749755859375
2020-06-12,196.0,197.5959930419922,182.52000427246094,187.05599975585938,187.05599975585938,16730200,TSLA,198.74292,198.17999267578125,11.686920166015625,0.0
2020-06-18,200.60000610351562,203.83999633789062,198.8939971923828,200.79200744628906,200.79200744628906,9751900,TSLA,205.68419,200.17999267578125,0.0,-4.892181396484375
2020-06-25,190.85400390625,197.1959991455078,187.42999267578125,197.1959991455078,197.1959991455078,9254500,TSLA,197.41669,191.947998046875,0.0,-0.2206878662109375
2020-07-01,216.60000610351562,227.0659942626953,216.10000610351562,223.92599487304688,223.92599487304688,66634500,TSLA,222.88824,241.73199462890625,-1.037750244140625,0.0
2020-07-13,331.79998779296875,358.99798583984375,294.22198486328125,299.4119873046875,299.4119873046875,194927000,TSLA,314.13806,303.3599853515625,14.72607421875,0.0
2020-07-14,311.20001220703125,318.0,286.20001220703125,303.3599853515625,303.3599853515625,117090500,TSLA,315.6422,309.2019958496094,12.2822265625,0.0
2020-07-21,327.9859924316406,335.0,311.6000061035156,313.6719970703125,313.6719970703125,80786500,TSLA,325.23535,318.46600341796875,11.5633544921875,0.0
2020-07-27,287.0,309.5880126953125,282.6000061035156,307.9200134277344,307.9200134277344,80243500,TSLA,299.7828,295.2980041503906,0.0,8.13720703125
2020-08-10,289.6000061035156,291.5,277.1679992675781,283.7139892578125,283.7139892578125,37611500,TSLA,295.49802,274.87799072265625,0.0,-11.784027099609375
2020-08-18,379.7980041503906,384.7799987792969,369.0220031738281,377.4179992675781,377.4179992675781,82372500,TSLA,378.19775,375.70599365234375,0.0,-0.779754638671875
2020-08-21,408.9519958496094,419.0979919433594,405.010009765625,409.9960021972656,409.9960021972656,107448000,TSLA,411.27917,402.8399963378906,0.0,-1.283172607421875
2020-08-24,425.2560119628906,425.79998779296875,385.5039978027344,402.8399963378906,402.8399963378906,100318000,TSLA,416.67072,404.6679992675781,13.830718994140625,0.0
2020-09-01,502.1400146484375,502.489990234375,470.510009765625,475.04998779296875,475.04998779296875,90119400,TSLA,487.1229,447.3699951171875,0.0,-12.072906494140625
2020-09-14,380.95001220703125,420.0,373.29998779296875,419.6199951171875,419.6199951171875,83020600,TSLA,400.79413,449.76000976562494,-18.82586669921875,0.0
2020-09-15,436.55999755859375,461.94000244140625,430.70001220703125,449.760009765625,449.760009765625,97298200,TSLA,435.47644,441.760009765625,0.0,14.2835693359375
2020-09-16,439.8699951171875,457.7900085449219,435.30999755859375,441.760009765625,441.760009765625,72279300,TSLA,449.09702,423.42999267578125,0.0,-7.337005615234375
2020-09-18,447.94000244140625,451.0,428.79998779296875,442.1499938964844,442.1499938964844,86406800,TSLA,445.28052,449.3900146484375,3.130523681640625,0.0
2020-09-25,393.4700012207031,408.7300109863281,391.29998779296875,407.3399963378906,407.3399963378906,67208500,TSLA,405.53647,421.2000122070312,-1.80352783203125,0.0
2020-10-01,440.760009765625,448.8800048828125,434.4200134277344,448.1600036621094,448.1600036621094,50741500,TSLA,448.0075,415.0899963378906,0.0,0.152496337890625
2020-10-07,419.8699951171875,429.8999938964844,413.8500061035156,425.29998779296875,425.29998779296875,43127700,TSLA,434.6313,425.9200134277344,9.331298828125,0.0
2020-10-08,438.44000244140625,439.0,425.29998779296875,425.9200134277344,425.9200134277344,40421100,TSLA,441.41678,434.0,15.49676513671875,0.0
2020-10-13,443.3500061035156,448.8900146484375,436.6000061035156,446.6499938964844,446.6499938964844,34463700,TSLA,456.89948,461.29998779296875,10.249481201171875,0.0
2020-10-16,454.44000244140625,455.95001220703125,438.8500061035156,439.6700134277344,439.6700134277344,32775900,TSLA,462.83072,430.8299865722656,0.0,-23.16070556640625
2020-10-23,421.8399963378906,422.8900146484375,407.3800048828125,420.6300048828125,420.6300048828125,33717000,TSLA,439.24713,420.2799987792969,0.0,-18.61712646484375
2020-10-27,423.760009765625,430.5,420.1000061035156,424.67999267578125,424.67999267578125,22686500,TSLA,438.6693,406.0199890136719,0.0,-13.98931884765625
2020-11-03,409.7300109863281,427.7699890136719,406.69000244140625,423.8999938964844,423.8999938964844,34351700,TSLA,425.5877,420.98001098632807,0.0,-1.687713623046875
2020-12-02,556.4400024414062,571.5399780273438,541.2100219726562,568.8200073242188,568.8200073242188,47775700,TSLA,578.93286,593.3800048828125,10.11285400390625,0.0
2020-12-14,619.0,642.75,610.2000122070312,639.8300170898438,639.8300170898438,52040600,TSLA,629.1987,633.25,0.0,10.63128662109375
2020-12-17,628.1900024414062,658.8200073242188,619.5,655.9000244140625,655.9000244140625,56270100,TSLA,640.5361,695.0,-15.36395263671875,0.0
